image_id,poi_id,label_class,file_path,dataset_split,width_px,height_px,capture_conditions,occlusion_pct,licence,updated_at
lmk_bcfe4a84,poi_85d28439,great_mosque_of_male,media/landmarks/poi_85d28439/00.jpg,train,1024,768,daylight,5,synthetic_cc0,2026-08-18T10:00:00+05:30
lmk_cb419d12,poi_85d28439,great_mosque_of_male,media/landmarks/poi_85d28439/01.jpg,train,1024,768,daylight,15,synthetic_cc0,2026-08-18T10:00:00+05:30
lmk_4195d828,poi_85d28439,great_mosque_of_male,media/landmarks/poi_85d28439/02.jpg,train,1024,768,daylight,0,synthetic_cc0,2026-08-18T10:00:00+05:30
lmk_7303a81e,poi_85d28439,great_mosque_of_male,media/landmarks/poi_85d28439/03.jpg,train,1024,768,daylight,30,synthetic_cc0,2026-08-18T10:00:00+05:30
lmk_077bb4cf,poi_85d28439,great_mosque_of_male,media/landmarks/poi_85d28439/04.jpg,train,1024,768,crowded,30,synthetic_cc0,2026-08-18T10:00:00+05:30
lmk_35522dd2,poi_85d28439,great_mosque_of_male,media/landmarks/poi_85d28439/05.jpg,train,1024,768,rain,30,synthetic_cc0,2026-08-18T10:00:00+05:30
lmk_e500b076,poi_85d28439,great_mosque_of_male,media/landmarks/poi_85d28439/06.jpg,train,1024,768,crowded,5,synthetic_cc0,2026-08-18T10:00:00+05:30
lmk_9884fcf9,poi_85d28439,great_mosque_of_male,media/landmarks/poi_85d28439/07.jpg,eval,1024,768,daylight,5,synthetic_cc0,2026-08-18T10:00:00+05:30
lmk_21015320,poi_85d28439,great_mosque_of_male,media/landmarks/poi_85d28439/08.jpg,eval,1024,768,rain,45,synthetic_cc0,2026-08-18T10:00:00+05:30
lmk_1a57a332,poi_85d28439,great_mosque_of_male,media/landmarks/poi_85d28439/09.jpg,eval,1024,768,daylight,0,synthetic_cc0,2026-08-18T10:00:00+05:30
lmk_4bc80f1a,poi_8bbc9fa1,blue_pottery_workshop,media/landmarks/poi_8bbc9fa1/00.jpg,train,1024,768,daylight,30,synthetic_cc0,2026-08-18T10:00:00+05:30
lmk_d33fa87e,poi_8bbc9fa1,blue_pottery_workshop,media/landmarks/poi_8bbc9fa1/01.jpg,train,1024,768,night,0,synthetic_cc0,2026-08-18T10:00:00+05:30
lmk_906e2b9a,poi_8bbc9fa1,blue_pottery_workshop,media/landmarks/poi_8bbc9fa1/02.jpg,train,1024,768,rain,45,synthetic_cc0,2026-08-18T10:00:00+05:30
lmk_441dec1e,poi_8bbc9fa1,blue_pottery_workshop,media/landmarks/poi_8bbc9fa1/03.jpg,train,1024,768,daylight,0,synthetic_cc0,2026-08-18T10:00:00+05:30
lmk_50d2dd80,poi_8bbc9fa1,blue_pottery_workshop,media/landmarks/poi_8bbc9fa1/04.jpg,train,1024,768,night,45,synthetic_cc0,2026-08-18T10:00:00+05:30
lmk_0357d088,poi_8bbc9fa1,blue_pottery_workshop,media/landmarks/poi_8bbc9fa1/05.jpg,train,1024,768,crowded,0,synthetic_cc0,2026-08-18T10:00:00+05:30
lmk_83ecf4c2,poi_8bbc9fa1,blue_pottery_workshop,media/landmarks/poi_8bbc9fa1/06.jpg,train,1024,768,crowded,5,synthetic_cc0,2026-08-18T10:00:00+05:30
lmk_a6a1fc6a,poi_8bbc9fa1,blue_pottery_workshop,media/landmarks/poi_8bbc9fa1/07.jpg,eval,1024,768,dusk,30,synthetic_cc0,2026-08-18T10:00:00+05:30
lmk_5ac29901,poi_8bbc9fa1,blue_pottery_workshop,media/landmarks/poi_8bbc9fa1/08.jpg,eval,1024,768,crowded,5,synthetic_cc0,2026-08-18T10:00:00+05:30
lmk_40344673,poi_8bbc9fa1,blue_pottery_workshop,media/landmarks/poi_8bbc9fa1/09.jpg,eval,1024,768,daylight,15,synthetic_cc0,2026-08-18T10:00:00+05:30
lmk_00fcc9ae,poi_d0aa4cac,watchtower_terrace,media/landmarks/poi_d0aa4cac/00.jpg,train,1024,768,dusk,30,synthetic_cc0,2026-08-18T10:00:00+05:30
lmk_e855e8cd,poi_d0aa4cac,watchtower_terrace,media/landmarks/poi_d0aa4cac/01.jpg,train,1024,768,rain,5,synthetic_cc0,2026-08-18T10:00:00+05:30
lmk_e3d3b19d,poi_d0aa4cac,watchtower_terrace,media/landmarks/poi_d0aa4cac/02.jpg,train,1024,768,daylight,15,synthetic_cc0,2026-08-18T10:00:00+05:30
lmk_5d3fe170,poi_d0aa4cac,watchtower_terrace,media/landmarks/poi_d0aa4cac/03.jpg,train,1024,768,crowded,0,synthetic_cc0,2026-08-18T10:00:00+05:30
lmk_1365e050,poi_d0aa4cac,watchtower_terrace,media/landmarks/poi_d0aa4cac/04.jpg,train,1024,768,daylight,30,synthetic_cc0,2026-08-18T10:00:00+05:30
lmk_086ea5a9,poi_d0aa4cac,watchtower_terrace,media/landmarks/poi_d0aa4cac/05.jpg,train,1024,768,dusk,0,synthetic_cc0,2026-08-18T10:00:00+05:30
lmk_da0adfa1,poi_d0aa4cac,watchtower_terrace,media/landmarks/poi_d0aa4cac/06.jpg,train,1024,768,night,15,synthetic_cc0,2026-08-18T10:00:00+05:30
lmk_8f7b6c38,poi_d0aa4cac,watchtower_terrace,media/landmarks/poi_d0aa4cac/07.jpg,eval,1024,768,daylight,30,synthetic_cc0,2026-08-18T10:00:00+05:30
lmk_d02c3465,poi_d0aa4cac,watchtower_terrace,media/landmarks/poi_d0aa4cac/08.jpg,eval,1024,768,dusk,0,synthetic_cc0,2026-08-18T10:00:00+05:30
lmk_158f5572,poi_d0aa4cac,watchtower_terrace,media/landmarks/poi_d0aa4cac/09.jpg,eval,1024,768,daylight,15,synthetic_cc0,2026-08-18T10:00:00+05:30
lmk_8f1edec3,poi_cbc7b76a,hot_springs,media/landmarks/poi_cbc7b76a/00.jpg,train,1024,768,daylight,45,synthetic_cc0,2026-08-18T10:00:00+05:30
lmk_ec091ec8,poi_cbc7b76a,hot_springs,media/landmarks/poi_cbc7b76a/01.jpg,train,1024,768,crowded,0,synthetic_cc0,2026-08-18T10:00:00+05:30
lmk_46e01ac6,poi_cbc7b76a,hot_springs,media/landmarks/poi_cbc7b76a/02.jpg,train,1024,768,daylight,0,synthetic_cc0,2026-08-18T10:00:00+05:30
lmk_7ef1ef8d,poi_cbc7b76a,hot_springs,media/landmarks/poi_cbc7b76a/03.jpg,train,1024,768,rain,45,synthetic_cc0,2026-08-18T10:00:00+05:30
lmk_84ece755,poi_cbc7b76a,hot_springs,media/landmarks/poi_cbc7b76a/04.jpg,train,1024,768,daylight,45,synthetic_cc0,2026-08-18T10:00:00+05:30
lmk_cd79d65f,poi_cbc7b76a,hot_springs,media/landmarks/poi_cbc7b76a/05.jpg,train,1024,768,rain,30,synthetic_cc0,2026-08-18T10:00:00+05:30
lmk_3c6fccd3,poi_cbc7b76a,hot_springs,media/landmarks/poi_cbc7b76a/06.jpg,train,1024,768,night,15,synthetic_cc0,2026-08-18T10:00:00+05:30
lmk_a1b5ed1f,poi_cbc7b76a,hot_springs,media/landmarks/poi_cbc7b76a/07.jpg,eval,1024,768,daylight,30,synthetic_cc0,2026-08-18T10:00:00+05:30
lmk_8b137f3a,poi_cbc7b76a,hot_springs,media/landmarks/poi_cbc7b76a/08.jpg,eval,1024,768,night,0,synthetic_cc0,2026-08-18T10:00:00+05:30
lmk_dc819ab0,poi_cbc7b76a,hot_springs,media/landmarks/poi_cbc7b76a/09.jpg,eval,1024,768,daylight,15,synthetic_cc0,2026-08-18T10:00:00+05:30
lmk_922e98d7,poi_5cc02bcd,rock_climbing_wall,media/landmarks/poi_5cc02bcd/00.jpg,train,1024,768,daylight,45,synthetic_cc0,2026-08-18T10:00:00+05:30
lmk_0ee2e3a9,poi_5cc02bcd,rock_climbing_wall,media/landmarks/poi_5cc02bcd/01.jpg,train,1024,768,night,30,synthetic_cc0,2026-08-18T10:00:00+05:30
lmk_98a3382c,poi_5cc02bcd,rock_climbing_wall,media/landmarks/poi_5cc02bcd/02.jpg,train,1024,768,night,30,synthetic_cc0,2026-08-18T10:00:00+05:30
lmk_142e518b,poi_5cc02bcd,rock_climbing_wall,media/landmarks/poi_5cc02bcd/03.jpg,train,1024,768,rain,0,synthetic_cc0,2026-08-18T10:00:00+05:30
lmk_b7743d50,poi_5cc02bcd,rock_climbing_wall,media/landmarks/poi_5cc02bcd/04.jpg,train,1024,768,night,0,synthetic_cc0,2026-08-18T10:00:00+05:30
lmk_1be84008,poi_5cc02bcd,rock_climbing_wall,media/landmarks/poi_5cc02bcd/05.jpg,train,1024,768,crowded,0,synthetic_cc0,2026-08-18T10:00:00+05:30
lmk_86dc0ae7,poi_5cc02bcd,rock_climbing_wall,media/landmarks/poi_5cc02bcd/06.jpg,train,1024,768,dusk,0,synthetic_cc0,2026-08-18T10:00:00+05:30
lmk_64f72066,poi_5cc02bcd,rock_climbing_wall,media/landmarks/poi_5cc02bcd/07.jpg,eval,1024,768,crowded,5,synthetic_cc0,2026-08-18T10:00:00+05:30
lmk_e7bfc21c,poi_5cc02bcd,rock_climbing_wall,media/landmarks/poi_5cc02bcd/08.jpg,eval,1024,768,daylight,30,synthetic_cc0,2026-08-18T10:00:00+05:30
lmk_39eac242,poi_5cc02bcd,rock_climbing_wall,media/landmarks/poi_5cc02bcd/09.jpg,eval,1024,768,daylight,5,synthetic_cc0,2026-08-18T10:00:00+05:30
lmk_acfed647,poi_5bfdc682,kochi_lake,media/landmarks/poi_5bfdc682/00.jpg,train,1024,768,daylight,5,synthetic_cc0,2026-08-18T10:00:00+05:30
lmk_d131effb,poi_5bfdc682,kochi_lake,media/landmarks/poi_5bfdc682/01.jpg,train,1024,768,night,15,synthetic_cc0,2026-08-18T10:00:00+05:30
lmk_ff8f8759,poi_5bfdc682,kochi_lake,media/landmarks/poi_5bfdc682/02.jpg,train,1024,768,dusk,5,synthetic_cc0,2026-08-18T10:00:00+05:30
lmk_e58f84c3,poi_5bfdc682,kochi_lake,media/landmarks/poi_5bfdc682/03.jpg,train,1024,768,daylight,15,synthetic_cc0,2026-08-18T10:00:00+05:30
lmk_6c5224fc,poi_5bfdc682,kochi_lake,media/landmarks/poi_5bfdc682/04.jpg,train,1024,768,daylight,30,synthetic_cc0,2026-08-18T10:00:00+05:30
lmk_c64b92b8,poi_5bfdc682,kochi_lake,media/landmarks/poi_5bfdc682/05.jpg,train,1024,768,crowded,15,synthetic_cc0,2026-08-18T10:00:00+05:30
lmk_1e7b88a3,poi_5bfdc682,kochi_lake,media/landmarks/poi_5bfdc682/06.jpg,train,1024,768,rain,0,synthetic_cc0,2026-08-18T10:00:00+05:30
lmk_010a6400,poi_5bfdc682,kochi_lake,media/landmarks/poi_5bfdc682/07.jpg,eval,1024,768,daylight,45,synthetic_cc0,2026-08-18T10:00:00+05:30
lmk_0c057df6,poi_5bfdc682,kochi_lake,media/landmarks/poi_5bfdc682/08.jpg,eval,1024,768,rain,15,synthetic_cc0,2026-08-18T10:00:00+05:30
lmk_04bbf8d8,poi_5bfdc682,kochi_lake,media/landmarks/poi_5bfdc682/09.jpg,eval,1024,768,crowded,45,synthetic_cc0,2026-08-18T10:00:00+05:30
lmk_e7636fc7,poi_7b4e4d8d,jodhpur_bird_sanctuary,media/landmarks/poi_7b4e4d8d/00.jpg,train,1024,768,crowded,45,synthetic_cc0,2026-08-18T10:00:00+05:30
lmk_6951eeb0,poi_7b4e4d8d,jodhpur_bird_sanctuary,media/landmarks/poi_7b4e4d8d/01.jpg,train,1024,768,night,0,synthetic_cc0,2026-08-18T10:00:00+05:30
lmk_37a82072,poi_7b4e4d8d,jodhpur_bird_sanctuary,media/landmarks/poi_7b4e4d8d/02.jpg,train,1024,768,crowded,0,synthetic_cc0,2026-08-18T10:00:00+05:30
lmk_4d3f3c5a,poi_7b4e4d8d,jodhpur_bird_sanctuary,media/landmarks/poi_7b4e4d8d/03.jpg,train,1024,768,crowded,0,synthetic_cc0,2026-08-18T10:00:00+05:30
lmk_fddfc593,poi_7b4e4d8d,jodhpur_bird_sanctuary,media/landmarks/poi_7b4e4d8d/04.jpg,train,1024,768,dusk,5,synthetic_cc0,2026-08-18T10:00:00+05:30
lmk_d51908ce,poi_7b4e4d8d,jodhpur_bird_sanctuary,media/landmarks/poi_7b4e4d8d/05.jpg,train,1024,768,daylight,0,synthetic_cc0,2026-08-18T10:00:00+05:30
lmk_125d0806,poi_7b4e4d8d,jodhpur_bird_sanctuary,media/landmarks/poi_7b4e4d8d/06.jpg,train,1024,768,crowded,15,synthetic_cc0,2026-08-18T10:00:00+05:30
lmk_7e1d3f80,poi_7b4e4d8d,jodhpur_bird_sanctuary,media/landmarks/poi_7b4e4d8d/07.jpg,eval,1024,768,rain,5,synthetic_cc0,2026-08-18T10:00:00+05:30
lmk_386399d6,poi_7b4e4d8d,jodhpur_bird_sanctuary,media/landmarks/poi_7b4e4d8d/08.jpg,eval,1024,768,dusk,5,synthetic_cc0,2026-08-18T10:00:00+05:30
lmk_53b2dc9d,poi_7b4e4d8d,jodhpur_bird_sanctuary,media/landmarks/poi_7b4e4d8d/09.jpg,eval,1024,768,crowded,45,synthetic_cc0,2026-08-18T10:00:00+05:30
lmk_effadf51,poi_38e00d19,city_walls_walk,media/landmarks/poi_38e00d19/00.jpg,train,1024,768,rain,0,synthetic_cc0,2026-08-18T10:00:00+05:30
lmk_fa2615e7,poi_38e00d19,city_walls_walk,media/landmarks/poi_38e00d19/01.jpg,train,1024,768,daylight,45,synthetic_cc0,2026-08-18T10:00:00+05:30
lmk_e308131e,poi_38e00d19,city_walls_walk,media/landmarks/poi_38e00d19/02.jpg,train,1024,768,dusk,15,synthetic_cc0,2026-08-18T10:00:00+05:30
lmk_d14f03cb,poi_38e00d19,city_walls_walk,media/landmarks/poi_38e00d19/03.jpg,train,1024,768,night,15,synthetic_cc0,2026-08-18T10:00:00+05:30
lmk_f8752a07,poi_38e00d19,city_walls_walk,media/landmarks/poi_38e00d19/04.jpg,train,1024,768,rain,0,synthetic_cc0,2026-08-18T10:00:00+05:30
lmk_c785407d,poi_38e00d19,city_walls_walk,media/landmarks/poi_38e00d19/05.jpg,train,1024,768,dusk,30,synthetic_cc0,2026-08-18T10:00:00+05:30
lmk_b7897eec,poi_38e00d19,city_walls_walk,media/landmarks/poi_38e00d19/06.jpg,train,1024,768,crowded,5,synthetic_cc0,2026-08-18T10:00:00+05:30
lmk_bb756974,poi_38e00d19,city_walls_walk,media/landmarks/poi_38e00d19/07.jpg,eval,1024,768,crowded,45,synthetic_cc0,2026-08-18T10:00:00+05:30
lmk_3d80a537,poi_38e00d19,city_walls_walk,media/landmarks/poi_38e00d19/08.jpg,eval,1024,768,night,0,synthetic_cc0,2026-08-18T10:00:00+05:30
lmk_3f401562,poi_38e00d19,city_walls_walk,media/landmarks/poi_38e00d19/09.jpg,eval,1024,768,crowded,15,synthetic_cc0,2026-08-18T10:00:00+05:30
lmk_7e08ce3e,poi_a81484fe,fishermen's_cove,media/landmarks/poi_a81484fe/00.jpg,train,1024,768,daylight,5,synthetic_cc0,2026-08-18T10:00:00+05:30
lmk_cbf3c1dc,poi_a81484fe,fishermen's_cove,media/landmarks/poi_a81484fe/01.jpg,train,1024,768,crowded,15,synthetic_cc0,2026-08-18T10:00:00+05:30
lmk_168316de,poi_a81484fe,fishermen's_cove,media/landmarks/poi_a81484fe/02.jpg,train,1024,768,night,5,synthetic_cc0,2026-08-18T10:00:00+05:30
lmk_0f7d8f4e,poi_a81484fe,fishermen's_cove,media/landmarks/poi_a81484fe/03.jpg,train,1024,768,crowded,15,synthetic_cc0,2026-08-18T10:00:00+05:30
lmk_a2fcc763,poi_a81484fe,fishermen's_cove,media/landmarks/poi_a81484fe/04.jpg,train,1024,768,dusk,15,synthetic_cc0,2026-08-18T10:00:00+05:30
lmk_b73a1c57,poi_a81484fe,fishermen's_cove,media/landmarks/poi_a81484fe/05.jpg,train,1024,768,daylight,45,synthetic_cc0,2026-08-18T10:00:00+05:30
lmk_fcdb0500,poi_a81484fe,fishermen's_cove,media/landmarks/poi_a81484fe/06.jpg,train,1024,768,dusk,0,synthetic_cc0,2026-08-18T10:00:00+05:30
lmk_6da3d48e,poi_a81484fe,fishermen's_cove,media/landmarks/poi_a81484fe/07.jpg,eval,1024,768,night,30,synthetic_cc0,2026-08-18T10:00:00+05:30
lmk_450034af,poi_a81484fe,fishermen's_cove,media/landmarks/poi_a81484fe/08.jpg,eval,1024,768,daylight,30,synthetic_cc0,2026-08-18T10:00:00+05:30
lmk_d10c3b71,poi_a81484fe,fishermen's_cove,media/landmarks/poi_a81484fe/09.jpg,eval,1024,768,night,0,synthetic_cc0,2026-08-18T10:00:00+05:30
lmk_b6e724f7,poi_a6ab1a68,quiet_bay,media/landmarks/poi_a6ab1a68/00.jpg,train,1024,768,crowded,0,synthetic_cc0,2026-08-18T10:00:00+05:30
lmk_f2664fd1,poi_a6ab1a68,quiet_bay,media/landmarks/poi_a6ab1a68/01.jpg,train,1024,768,daylight,0,synthetic_cc0,2026-08-18T10:00:00+05:30
lmk_69c39ffc,poi_a6ab1a68,quiet_bay,media/landmarks/poi_a6ab1a68/02.jpg,train,1024,768,daylight,30,synthetic_cc0,2026-08-18T10:00:00+05:30
lmk_cb5ed17b,poi_a6ab1a68,quiet_bay,media/landmarks/poi_a6ab1a68/03.jpg,train,1024,768,crowded,45,synthetic_cc0,2026-08-18T10:00:00+05:30
lmk_345b609c,poi_a6ab1a68,quiet_bay,media/landmarks/poi_a6ab1a68/04.jpg,train,1024,768,crowded,5,synthetic_cc0,2026-08-18T10:00:00+05:30
lmk_d9b8f3a6,poi_a6ab1a68,quiet_bay,media/landmarks/poi_a6ab1a68/05.jpg,train,1024,768,dusk,30,synthetic_cc0,2026-08-18T10:00:00+05:30
lmk_7864d071,poi_a6ab1a68,quiet_bay,media/landmarks/poi_a6ab1a68/06.jpg,train,1024,768,dusk,0,synthetic_cc0,2026-08-18T10:00:00+05:30
lmk_150863dc,poi_a6ab1a68,quiet_bay,media/landmarks/poi_a6ab1a68/07.jpg,eval,1024,768,daylight,30,synthetic_cc0,2026-08-18T10:00:00+05:30
lmk_cc6d808d,poi_a6ab1a68,quiet_bay,media/landmarks/poi_a6ab1a68/08.jpg,eval,1024,768,daylight,30,synthetic_cc0,2026-08-18T10:00:00+05:30
lmk_72196c15,poi_a6ab1a68,quiet_bay,media/landmarks/poi_a6ab1a68/09.jpg,eval,1024,768,dusk,15,synthetic_cc0,2026-08-18T10:00:00+05:30
lmk_bc2e19ed,poi_e435c16e,hot_springs,media/landmarks/poi_e435c16e/00.jpg,train,1024,768,crowded,30,synthetic_cc0,2026-08-18T10:00:00+05:30
lmk_142c6d53,poi_e435c16e,hot_springs,media/landmarks/poi_e435c16e/01.jpg,train,1024,768,rain,5,synthetic_cc0,2026-08-18T10:00:00+05:30
lmk_ab876b89,poi_e435c16e,hot_springs,media/landmarks/poi_e435c16e/02.jpg,train,1024,768,crowded,30,synthetic_cc0,2026-08-18T10:00:00+05:30
lmk_c209f1de,poi_e435c16e,hot_springs,media/landmarks/poi_e435c16e/03.jpg,train,1024,768,night,45,synthetic_cc0,2026-08-18T10:00:00+05:30
lmk_6baf13e1,poi_e435c16e,hot_springs,media/landmarks/poi_e435c16e/04.jpg,train,1024,768,rain,0,synthetic_cc0,2026-08-18T10:00:00+05:30
lmk_bb54305f,poi_e435c16e,hot_springs,media/landmarks/poi_e435c16e/05.jpg,train,1024,768,crowded,30,synthetic_cc0,2026-08-18T10:00:00+05:30
lmk_f87ddedf,poi_e435c16e,hot_springs,media/landmarks/poi_e435c16e/06.jpg,train,1024,768,dusk,15,synthetic_cc0,2026-08-18T10:00:00+05:30
lmk_92ed887b,poi_e435c16e,hot_springs,media/landmarks/poi_e435c16e/07.jpg,eval,1024,768,dusk,0,synthetic_cc0,2026-08-18T10:00:00+05:30
lmk_9ba24867,poi_e435c16e,hot_springs,media/landmarks/poi_e435c16e/08.jpg,eval,1024,768,rain,5,synthetic_cc0,2026-08-18T10:00:00+05:30
lmk_6683528f,poi_e435c16e,hot_springs,media/landmarks/poi_e435c16e/09.jpg,eval,1024,768,dusk,15,synthetic_cc0,2026-08-18T10:00:00+05:30
lmk_e75029c6,poi_90b70970,watchtower_terrace,media/landmarks/poi_90b70970/00.jpg,train,1024,768,daylight,45,synthetic_cc0,2026-08-18T10:00:00+05:30
lmk_845a1728,poi_90b70970,watchtower_terrace,media/landmarks/poi_90b70970/01.jpg,train,1024,768,dusk,5,synthetic_cc0,2026-08-18T10:00:00+05:30
lmk_da839059,poi_90b70970,watchtower_terrace,media/landmarks/poi_90b70970/02.jpg,train,1024,768,daylight,30,synthetic_cc0,2026-08-18T10:00:00+05:30
lmk_9ed8156a,poi_90b70970,watchtower_terrace,media/landmarks/poi_90b70970/03.jpg,train,1024,768,rain,5,synthetic_cc0,2026-08-18T10:00:00+05:30
lmk_e561beee,poi_90b70970,watchtower_terrace,media/landmarks/poi_90b70970/04.jpg,train,1024,768,dusk,0,synthetic_cc0,2026-08-18T10:00:00+05:30
lmk_c6e0df62,poi_90b70970,watchtower_terrace,media/landmarks/poi_90b70970/05.jpg,train,1024,768,daylight,5,synthetic_cc0,2026-08-18T10:00:00+05:30
lmk_6c297110,poi_90b70970,watchtower_terrace,media/landmarks/poi_90b70970/06.jpg,train,1024,768,night,30,synthetic_cc0,2026-08-18T10:00:00+05:30
lmk_aaea741e,poi_90b70970,watchtower_terrace,media/landmarks/poi_90b70970/07.jpg,eval,1024,768,rain,15,synthetic_cc0,2026-08-18T10:00:00+05:30
lmk_308f1ba9,poi_90b70970,watchtower_terrace,media/landmarks/poi_90b70970/08.jpg,eval,1024,768,daylight,45,synthetic_cc0,2026-08-18T10:00:00+05:30
lmk_b942c2b6,poi_90b70970,watchtower_terrace,media/landmarks/poi_90b70970/09.jpg,eval,1024,768,night,5,synthetic_cc0,2026-08-18T10:00:00+05:30
lmk_01843eef,poi_b96fd714,city_walls_walk,media/landmarks/poi_b96fd714/00.jpg,train,1024,768,daylight,0,synthetic_cc0,2026-08-18T10:00:00+05:30
lmk_b206108e,poi_b96fd714,city_walls_walk,media/landmarks/poi_b96fd714/01.jpg,train,1024,768,rain,5,synthetic_cc0,2026-08-18T10:00:00+05:30
lmk_4c4588f5,poi_b96fd714,city_walls_walk,media/landmarks/poi_b96fd714/02.jpg,train,1024,768,rain,5,synthetic_cc0,2026-08-18T10:00:00+05:30
lmk_b7426067,poi_b96fd714,city_walls_walk,media/landmarks/poi_b96fd714/03.jpg,train,1024,768,daylight,0,synthetic_cc0,2026-08-18T10:00:00+05:30
lmk_ee1322db,poi_b96fd714,city_walls_walk,media/landmarks/poi_b96fd714/04.jpg,train,1024,768,daylight,5,synthetic_cc0,2026-08-18T10:00:00+05:30
lmk_69d23e03,poi_b96fd714,city_walls_walk,media/landmarks/poi_b96fd714/05.jpg,train,1024,768,night,30,synthetic_cc0,2026-08-18T10:00:00+05:30
lmk_fb92cc40,poi_b96fd714,city_walls_walk,media/landmarks/poi_b96fd714/06.jpg,train,1024,768,crowded,30,synthetic_cc0,2026-08-18T10:00:00+05:30
lmk_a9bf9162,poi_b96fd714,city_walls_walk,media/landmarks/poi_b96fd714/07.jpg,eval,1024,768,crowded,30,synthetic_cc0,2026-08-18T10:00:00+05:30
lmk_fde059c6,poi_b96fd714,city_walls_walk,media/landmarks/poi_b96fd714/08.jpg,eval,1024,768,rain,0,synthetic_cc0,2026-08-18T10:00:00+05:30
lmk_2b61af69,poi_b96fd714,city_walls_walk,media/landmarks/poi_b96fd714/09.jpg,eval,1024,768,rain,30,synthetic_cc0,2026-08-18T10:00:00+05:30
lmk_5f746adc,poi_d0d48d2e,rock_garden,media/landmarks/poi_d0d48d2e/00.jpg,train,1024,768,daylight,30,synthetic_cc0,2026-08-18T10:00:00+05:30
lmk_8df4268a,poi_d0d48d2e,rock_garden,media/landmarks/poi_d0d48d2e/01.jpg,train,1024,768,daylight,5,synthetic_cc0,2026-08-18T10:00:00+05:30
lmk_60a73baa,poi_d0d48d2e,rock_garden,media/landmarks/poi_d0d48d2e/02.jpg,train,1024,768,rain,5,synthetic_cc0,2026-08-18T10:00:00+05:30
lmk_6d60d53f,poi_d0d48d2e,rock_garden,media/landmarks/poi_d0d48d2e/03.jpg,train,1024,768,rain,45,synthetic_cc0,2026-08-18T10:00:00+05:30
lmk_576d7db3,poi_d0d48d2e,rock_garden,media/landmarks/poi_d0d48d2e/04.jpg,train,1024,768,night,30,synthetic_cc0,2026-08-18T10:00:00+05:30
lmk_d0fb996f,poi_d0d48d2e,rock_garden,media/landmarks/poi_d0d48d2e/05.jpg,train,1024,768,rain,30,synthetic_cc0,2026-08-18T10:00:00+05:30
lmk_a043d5e6,poi_d0d48d2e,rock_garden,media/landmarks/poi_d0d48d2e/06.jpg,train,1024,768,daylight,0,synthetic_cc0,2026-08-18T10:00:00+05:30
lmk_3619cb15,poi_d0d48d2e,rock_garden,media/landmarks/poi_d0d48d2e/07.jpg,eval,1024,768,rain,0,synthetic_cc0,2026-08-18T10:00:00+05:30
lmk_1af864ed,poi_d0d48d2e,rock_garden,media/landmarks/poi_d0d48d2e/08.jpg,eval,1024,768,crowded,15,synthetic_cc0,2026-08-18T10:00:00+05:30
lmk_6cf51955,poi_d0d48d2e,rock_garden,media/landmarks/poi_d0d48d2e/09.jpg,eval,1024,768,daylight,0,synthetic_cc0,2026-08-18T10:00:00+05:30
lmk_61d6ff9b,poi_5252b3dc,coffee_roastery_tour,media/landmarks/poi_5252b3dc/00.jpg,train,1024,768,night,30,synthetic_cc0,2026-08-18T10:00:00+05:30
lmk_dc31e72d,poi_5252b3dc,coffee_roastery_tour,media/landmarks/poi_5252b3dc/01.jpg,train,1024,768,dusk,0,synthetic_cc0,2026-08-18T10:00:00+05:30
lmk_1dad62f2,poi_5252b3dc,coffee_roastery_tour,media/landmarks/poi_5252b3dc/02.jpg,train,1024,768,crowded,45,synthetic_cc0,2026-08-18T10:00:00+05:30
lmk_d369cf01,poi_5252b3dc,coffee_roastery_tour,media/landmarks/poi_5252b3dc/03.jpg,train,1024,768,daylight,15,synthetic_cc0,2026-08-18T10:00:00+05:30
lmk_4ed50cb2,poi_5252b3dc,coffee_roastery_tour,media/landmarks/poi_5252b3dc/04.jpg,train,1024,768,dusk,30,synthetic_cc0,2026-08-18T10:00:00+05:30
lmk_6adfc2ff,poi_5252b3dc,coffee_roastery_tour,media/landmarks/poi_5252b3dc/05.jpg,train,1024,768,daylight,0,synthetic_cc0,2026-08-18T10:00:00+05:30
lmk_817fb963,poi_5252b3dc,coffee_roastery_tour,media/landmarks/poi_5252b3dc/06.jpg,train,1024,768,daylight,0,synthetic_cc0,2026-08-18T10:00:00+05:30
lmk_2ea0041a,poi_5252b3dc,coffee_roastery_tour,media/landmarks/poi_5252b3dc/07.jpg,eval,1024,768,night,45,synthetic_cc0,2026-08-18T10:00:00+05:30
lmk_2238d977,poi_5252b3dc,coffee_roastery_tour,media/landmarks/poi_5252b3dc/08.jpg,eval,1024,768,dusk,45,synthetic_cc0,2026-08-18T10:00:00+05:30
lmk_54740e0d,poi_5252b3dc,coffee_roastery_tour,media/landmarks/poi_5252b3dc/09.jpg,eval,1024,768,rain,15,synthetic_cc0,2026-08-18T10:00:00+05:30
lmk_e3ae3eea,poi_9eab0466,cooking_class_at_old_town,media/landmarks/poi_9eab0466/00.jpg,train,1024,768,night,0,synthetic_cc0,2026-08-18T10:00:00+05:30
lmk_17f0aab2,poi_9eab0466,cooking_class_at_old_town,media/landmarks/poi_9eab0466/01.jpg,train,1024,768,rain,45,synthetic_cc0,2026-08-18T10:00:00+05:30
lmk_9c45b554,poi_9eab0466,cooking_class_at_old_town,media/landmarks/poi_9eab0466/02.jpg,train,1024,768,rain,15,synthetic_cc0,2026-08-18T10:00:00+05:30
lmk_6d922b66,poi_9eab0466,cooking_class_at_old_town,media/landmarks/poi_9eab0466/03.jpg,train,1024,768,dusk,45,synthetic_cc0,2026-08-18T10:00:00+05:30
lmk_5c5c6a33,poi_9eab0466,cooking_class_at_old_town,media/landmarks/poi_9eab0466/04.jpg,train,1024,768,crowded,0,synthetic_cc0,2026-08-18T10:00:00+05:30
lmk_dfe9219e,poi_9eab0466,cooking_class_at_old_town,media/landmarks/poi_9eab0466/05.jpg,train,1024,768,daylight,0,synthetic_cc0,2026-08-18T10:00:00+05:30
lmk_a6d9afc5,poi_9eab0466,cooking_class_at_old_town,media/landmarks/poi_9eab0466/06.jpg,train,1024,768,daylight,5,synthetic_cc0,2026-08-18T10:00:00+05:30
lmk_1dcb2fa1,poi_9eab0466,cooking_class_at_old_town,media/landmarks/poi_9eab0466/07.jpg,eval,1024,768,dusk,5,synthetic_cc0,2026-08-18T10:00:00+05:30
lmk_f5001ced,poi_9eab0466,cooking_class_at_old_town,media/landmarks/poi_9eab0466/08.jpg,eval,1024,768,daylight,5,synthetic_cc0,2026-08-18T10:00:00+05:30
lmk_d8628c76,poi_9eab0466,cooking_class_at_old_town,media/landmarks/poi_9eab0466/09.jpg,eval,1024,768,rain,5,synthetic_cc0,2026-08-18T10:00:00+05:30
lmk_10404051,poi_635f25bf,colombo_bird_sanctuary,media/landmarks/poi_635f25bf/00.jpg,train,1024,768,night,0,synthetic_cc0,2026-08-18T10:00:00+05:30
lmk_bdf13e3b,poi_635f25bf,colombo_bird_sanctuary,media/landmarks/poi_635f25bf/01.jpg,train,1024,768,daylight,45,synthetic_cc0,2026-08-18T10:00:00+05:30
lmk_f9252fab,poi_635f25bf,colombo_bird_sanctuary,media/landmarks/poi_635f25bf/02.jpg,train,1024,768,daylight,5,synthetic_cc0,2026-08-18T10:00:00+05:30
lmk_74c8a9dd,poi_635f25bf,colombo_bird_sanctuary,media/landmarks/poi_635f25bf/03.jpg,train,1024,768,rain,0,synthetic_cc0,2026-08-18T10:00:00+05:30
lmk_19a229c9,poi_635f25bf,colombo_bird_sanctuary,media/landmarks/poi_635f25bf/04.jpg,train,1024,768,night,15,synthetic_cc0,2026-08-18T10:00:00+05:30
lmk_de3fd3e2,poi_635f25bf,colombo_bird_sanctuary,media/landmarks/poi_635f25bf/05.jpg,train,1024,768,daylight,5,synthetic_cc0,2026-08-18T10:00:00+05:30
lmk_fd182a7c,poi_635f25bf,colombo_bird_sanctuary,media/landmarks/poi_635f25bf/06.jpg,train,1024,768,rain,15,synthetic_cc0,2026-08-18T10:00:00+05:30
lmk_d23822c5,poi_635f25bf,colombo_bird_sanctuary,media/landmarks/poi_635f25bf/07.jpg,eval,1024,768,rain,15,synthetic_cc0,2026-08-18T10:00:00+05:30
lmk_9ebd7da9,poi_635f25bf,colombo_bird_sanctuary,media/landmarks/poi_635f25bf/08.jpg,eval,1024,768,daylight,30,synthetic_cc0,2026-08-18T10:00:00+05:30
lmk_6ad29364,poi_635f25bf,colombo_bird_sanctuary,media/landmarks/poi_635f25bf/09.jpg,eval,1024,768,dusk,5,synthetic_cc0,2026-08-18T10:00:00+05:30
lmk_51527bae,poi_b9b35115,paragliding_launch,media/landmarks/poi_b9b35115/00.jpg,train,1024,768,daylight,0,synthetic_cc0,2026-08-18T10:00:00+05:30
lmk_b4bcf555,poi_b9b35115,paragliding_launch,media/landmarks/poi_b9b35115/01.jpg,train,1024,768,dusk,15,synthetic_cc0,2026-08-18T10:00:00+05:30
lmk_7c7a709b,poi_b9b35115,paragliding_launch,media/landmarks/poi_b9b35115/02.jpg,train,1024,768,crowded,30,synthetic_cc0,2026-08-18T10:00:00+05:30
lmk_e1746fd3,poi_b9b35115,paragliding_launch,media/landmarks/poi_b9b35115/03.jpg,train,1024,768,crowded,15,synthetic_cc0,2026-08-18T10:00:00+05:30
lmk_13c2135a,poi_b9b35115,paragliding_launch,media/landmarks/poi_b9b35115/04.jpg,train,1024,768,daylight,5,synthetic_cc0,2026-08-18T10:00:00+05:30
lmk_0f97fc6c,poi_b9b35115,paragliding_launch,media/landmarks/poi_b9b35115/05.jpg,train,1024,768,night,0,synthetic_cc0,2026-08-18T10:00:00+05:30
lmk_ef995349,poi_b9b35115,paragliding_launch,media/landmarks/poi_b9b35115/06.jpg,train,1024,768,night,0,synthetic_cc0,2026-08-18T10:00:00+05:30
lmk_ad9fa2c0,poi_b9b35115,paragliding_launch,media/landmarks/poi_b9b35115/07.jpg,eval,1024,768,daylight,30,synthetic_cc0,2026-08-18T10:00:00+05:30
lmk_1fc97606,poi_b9b35115,paragliding_launch,media/landmarks/poi_b9b35115/08.jpg,eval,1024,768,daylight,0,synthetic_cc0,2026-08-18T10:00:00+05:30
lmk_2e84bc63,poi_b9b35115,paragliding_launch,media/landmarks/poi_b9b35115/09.jpg,eval,1024,768,night,5,synthetic_cc0,2026-08-18T10:00:00+05:30
lmk_bd43420b,poi_4c0e8968,hot_air_balloon_field,media/landmarks/poi_4c0e8968/00.jpg,train,1024,768,daylight,15,synthetic_cc0,2026-08-18T10:00:00+05:30
lmk_1eb5253e,poi_4c0e8968,hot_air_balloon_field,media/landmarks/poi_4c0e8968/01.jpg,train,1024,768,rain,30,synthetic_cc0,2026-08-18T10:00:00+05:30
lmk_27857ed4,poi_4c0e8968,hot_air_balloon_field,media/landmarks/poi_4c0e8968/02.jpg,train,1024,768,night,0,synthetic_cc0,2026-08-18T10:00:00+05:30
lmk_411a0268,poi_4c0e8968,hot_air_balloon_field,media/landmarks/poi_4c0e8968/03.jpg,train,1024,768,daylight,0,synthetic_cc0,2026-08-18T10:00:00+05:30
lmk_bda22cde,poi_4c0e8968,hot_air_balloon_field,media/landmarks/poi_4c0e8968/04.jpg,train,1024,768,crowded,0,synthetic_cc0,2026-08-18T10:00:00+05:30
lmk_9a4d94bb,poi_4c0e8968,hot_air_balloon_field,media/landmarks/poi_4c0e8968/05.jpg,train,1024,768,night,45,synthetic_cc0,2026-08-18T10:00:00+05:30
lmk_c92eb76b,poi_4c0e8968,hot_air_balloon_field,media/landmarks/poi_4c0e8968/06.jpg,train,1024,768,daylight,0,synthetic_cc0,2026-08-18T10:00:00+05:30
lmk_1cb671d1,poi_4c0e8968,hot_air_balloon_field,media/landmarks/poi_4c0e8968/07.jpg,eval,1024,768,dusk,0,synthetic_cc0,2026-08-18T10:00:00+05:30
lmk_a2a32490,poi_4c0e8968,hot_air_balloon_field,media/landmarks/poi_4c0e8968/08.jpg,eval,1024,768,dusk,0,synthetic_cc0,2026-08-18T10:00:00+05:30
lmk_2ce92ee6,poi_4c0e8968,hot_air_balloon_field,media/landmarks/poi_4c0e8968/09.jpg,eval,1024,768,night,15,synthetic_cc0,2026-08-18T10:00:00+05:30
lmk_3b0f632f,poi_4354eb74,backwater_channel,media/landmarks/poi_4354eb74/00.jpg,train,1024,768,rain,15,synthetic_cc0,2026-08-18T10:00:00+05:30
lmk_c3c2edd8,poi_4354eb74,backwater_channel,media/landmarks/poi_4354eb74/01.jpg,train,1024,768,crowded,0,synthetic_cc0,2026-08-18T10:00:00+05:30
lmk_ded488ab,poi_4354eb74,backwater_channel,media/landmarks/poi_4354eb74/02.jpg,train,1024,768,rain,0,synthetic_cc0,2026-08-18T10:00:00+05:30
lmk_352d3c43,poi_4354eb74,backwater_channel,media/landmarks/poi_4354eb74/03.jpg,train,1024,768,daylight,45,synthetic_cc0,2026-08-18T10:00:00+05:30
lmk_93996f03,poi_4354eb74,backwater_channel,media/landmarks/poi_4354eb74/04.jpg,train,1024,768,daylight,30,synthetic_cc0,2026-08-18T10:00:00+05:30
lmk_4c61b580,poi_4354eb74,backwater_channel,media/landmarks/poi_4354eb74/05.jpg,train,1024,768,crowded,0,synthetic_cc0,2026-08-18T10:00:00+05:30
lmk_71371d44,poi_4354eb74,backwater_channel,media/landmarks/poi_4354eb74/06.jpg,train,1024,768,crowded,30,synthetic_cc0,2026-08-18T10:00:00+05:30
lmk_fa7ebb6b,poi_4354eb74,backwater_channel,media/landmarks/poi_4354eb74/07.jpg,eval,1024,768,daylight,45,synthetic_cc0,2026-08-18T10:00:00+05:30
lmk_9592c6cb,poi_4354eb74,backwater_channel,media/landmarks/poi_4354eb74/08.jpg,eval,1024,768,dusk,45,synthetic_cc0,2026-08-18T10:00:00+05:30
lmk_984d97dd,poi_4354eb74,backwater_channel,media/landmarks/poi_4354eb74/09.jpg,eval,1024,768,night,0,synthetic_cc0,2026-08-18T10:00:00+05:30
lmk_d95c72b5,poi_886b5e19,chhatri_complex,media/landmarks/poi_886b5e19/00.jpg,train,1024,768,dusk,15,synthetic_cc0,2026-08-18T10:00:00+05:30
lmk_19dff68d,poi_886b5e19,chhatri_complex,media/landmarks/poi_886b5e19/01.jpg,train,1024,768,dusk,5,synthetic_cc0,2026-08-18T10:00:00+05:30
lmk_24eb2761,poi_886b5e19,chhatri_complex,media/landmarks/poi_886b5e19/02.jpg,train,1024,768,dusk,30,synthetic_cc0,2026-08-18T10:00:00+05:30
lmk_8101cc8b,poi_886b5e19,chhatri_complex,media/landmarks/poi_886b5e19/03.jpg,train,1024,768,crowded,5,synthetic_cc0,2026-08-18T10:00:00+05:30
lmk_427aac64,poi_886b5e19,chhatri_complex,media/landmarks/poi_886b5e19/04.jpg,train,1024,768,dusk,30,synthetic_cc0,2026-08-18T10:00:00+05:30
lmk_0423f050,poi_886b5e19,chhatri_complex,media/landmarks/poi_886b5e19/05.jpg,train,1024,768,daylight,45,synthetic_cc0,2026-08-18T10:00:00+05:30
lmk_38a94b68,poi_886b5e19,chhatri_complex,media/landmarks/poi_886b5e19/06.jpg,train,1024,768,rain,0,synthetic_cc0,2026-08-18T10:00:00+05:30
lmk_c8638e4a,poi_886b5e19,chhatri_complex,media/landmarks/poi_886b5e19/07.jpg,eval,1024,768,night,0,synthetic_cc0,2026-08-18T10:00:00+05:30
lmk_1f8183a4,poi_886b5e19,chhatri_complex,media/landmarks/poi_886b5e19/08.jpg,eval,1024,768,dusk,45,synthetic_cc0,2026-08-18T10:00:00+05:30
lmk_5d0558fb,poi_886b5e19,chhatri_complex,media/landmarks/poi_886b5e19/09.jpg,eval,1024,768,dusk,5,synthetic_cc0,2026-08-18T10:00:00+05:30
lmk_982db9b2,poi_2bbb64cc,cooking_class_at_old_town,media/landmarks/poi_2bbb64cc/00.jpg,train,1024,768,crowded,5,synthetic_cc0,2026-08-18T10:00:00+05:30
lmk_bfc2efd3,poi_2bbb64cc,cooking_class_at_old_town,media/landmarks/poi_2bbb64cc/01.jpg,train,1024,768,daylight,45,synthetic_cc0,2026-08-18T10:00:00+05:30
lmk_ab79cfc2,poi_2bbb64cc,cooking_class_at_old_town,media/landmarks/poi_2bbb64cc/02.jpg,train,1024,768,rain,0,synthetic_cc0,2026-08-18T10:00:00+05:30
lmk_ad653dec,poi_2bbb64cc,cooking_class_at_old_town,media/landmarks/poi_2bbb64cc/03.jpg,train,1024,768,night,0,synthetic_cc0,2026-08-18T10:00:00+05:30
lmk_ca650174,poi_2bbb64cc,cooking_class_at_old_town,media/landmarks/poi_2bbb64cc/04.jpg,train,1024,768,daylight,30,synthetic_cc0,2026-08-18T10:00:00+05:30
lmk_e9948641,poi_2bbb64cc,cooking_class_at_old_town,media/landmarks/poi_2bbb64cc/05.jpg,train,1024,768,daylight,5,synthetic_cc0,2026-08-18T10:00:00+05:30
lmk_e89f9a99,poi_2bbb64cc,cooking_class_at_old_town,media/landmarks/poi_2bbb64cc/06.jpg,train,1024,768,dusk,15,synthetic_cc0,2026-08-18T10:00:00+05:30
lmk_d0bd7db7,poi_2bbb64cc,cooking_class_at_old_town,media/landmarks/poi_2bbb64cc/07.jpg,eval,1024,768,daylight,30,synthetic_cc0,2026-08-18T10:00:00+05:30
lmk_d64a18c3,poi_2bbb64cc,cooking_class_at_old_town,media/landmarks/poi_2bbb64cc/08.jpg,eval,1024,768,dusk,5,synthetic_cc0,2026-08-18T10:00:00+05:30
lmk_b191ff10,poi_2bbb64cc,cooking_class_at_old_town,media/landmarks/poi_2bbb64cc/09.jpg,eval,1024,768,dusk,30,synthetic_cc0,2026-08-18T10:00:00+05:30
lmk_3d38eba8,poi_65bb95f4,riverside_lounge,media/landmarks/poi_65bb95f4/00.jpg,train,1024,768,daylight,5,synthetic_cc0,2026-08-18T10:00:00+05:30
lmk_e44a8d5c,poi_65bb95f4,riverside_lounge,media/landmarks/poi_65bb95f4/01.jpg,train,1024,768,daylight,45,synthetic_cc0,2026-08-18T10:00:00+05:30
lmk_df330579,poi_65bb95f4,riverside_lounge,media/landmarks/poi_65bb95f4/02.jpg,train,1024,768,dusk,30,synthetic_cc0,2026-08-18T10:00:00+05:30
lmk_c3da9fb6,poi_65bb95f4,riverside_lounge,media/landmarks/poi_65bb95f4/03.jpg,train,1024,768,crowded,45,synthetic_cc0,2026-08-18T10:00:00+05:30
lmk_8fbb0a06,poi_65bb95f4,riverside_lounge,media/landmarks/poi_65bb95f4/04.jpg,train,1024,768,daylight,0,synthetic_cc0,2026-08-18T10:00:00+05:30
lmk_9f4c1247,poi_65bb95f4,riverside_lounge,media/landmarks/poi_65bb95f4/05.jpg,train,1024,768,daylight,15,synthetic_cc0,2026-08-18T10:00:00+05:30
lmk_b2b0f949,poi_65bb95f4,riverside_lounge,media/landmarks/poi_65bb95f4/06.jpg,train,1024,768,rain,0,synthetic_cc0,2026-08-18T10:00:00+05:30
lmk_d4cabe2e,poi_65bb95f4,riverside_lounge,media/landmarks/poi_65bb95f4/07.jpg,eval,1024,768,crowded,0,synthetic_cc0,2026-08-18T10:00:00+05:30
lmk_8fb19498,poi_65bb95f4,riverside_lounge,media/landmarks/poi_65bb95f4/08.jpg,eval,1024,768,crowded,5,synthetic_cc0,2026-08-18T10:00:00+05:30
lmk_81b21151,poi_65bb95f4,riverside_lounge,media/landmarks/poi_65bb95f4/09.jpg,eval,1024,768,daylight,45,synthetic_cc0,2026-08-18T10:00:00+05:30
lmk_ff2d4f0a,poi_d8ffbfe8,antique_lane,media/landmarks/poi_d8ffbfe8/00.jpg,train,1024,768,daylight,30,synthetic_cc0,2026-08-18T10:00:00+05:30
lmk_b4af798b,poi_d8ffbfe8,antique_lane,media/landmarks/poi_d8ffbfe8/01.jpg,train,1024,768,dusk,45,synthetic_cc0,2026-08-18T10:00:00+05:30
lmk_62bf8f6f,poi_d8ffbfe8,antique_lane,media/landmarks/poi_d8ffbfe8/02.jpg,train,1024,768,dusk,30,synthetic_cc0,2026-08-18T10:00:00+05:30
lmk_9ae0071e,poi_d8ffbfe8,antique_lane,media/landmarks/poi_d8ffbfe8/03.jpg,train,1024,768,daylight,30,synthetic_cc0,2026-08-18T10:00:00+05:30
lmk_f5d50e1e,poi_d8ffbfe8,antique_lane,media/landmarks/poi_d8ffbfe8/04.jpg,train,1024,768,daylight,30,synthetic_cc0,2026-08-18T10:00:00+05:30
lmk_d2946f9a,poi_d8ffbfe8,antique_lane,media/landmarks/poi_d8ffbfe8/05.jpg,train,1024,768,rain,15,synthetic_cc0,2026-08-18T10:00:00+05:30
lmk_d53e72ae,poi_d8ffbfe8,antique_lane,media/landmarks/poi_d8ffbfe8/06.jpg,train,1024,768,night,0,synthetic_cc0,2026-08-18T10:00:00+05:30
lmk_6c202289,poi_d8ffbfe8,antique_lane,media/landmarks/poi_d8ffbfe8/07.jpg,eval,1024,768,rain,5,synthetic_cc0,2026-08-18T10:00:00+05:30
lmk_0495cbf0,poi_d8ffbfe8,antique_lane,media/landmarks/poi_d8ffbfe8/08.jpg,eval,1024,768,daylight,5,synthetic_cc0,2026-08-18T10:00:00+05:30
lmk_d781d31a,poi_d8ffbfe8,antique_lane,media/landmarks/poi_d8ffbfe8/09.jpg,eval,1024,768,daylight,0,synthetic_cc0,2026-08-18T10:00:00+05:30
lmk_ce8e9382,poi_fb2bf178,hot_air_balloon_field,media/landmarks/poi_fb2bf178/00.jpg,train,1024,768,crowded,45,synthetic_cc0,2026-08-18T10:00:00+05:30
lmk_5875c01d,poi_fb2bf178,hot_air_balloon_field,media/landmarks/poi_fb2bf178/01.jpg,train,1024,768,crowded,30,synthetic_cc0,2026-08-18T10:00:00+05:30
lmk_a27c486b,poi_fb2bf178,hot_air_balloon_field,media/landmarks/poi_fb2bf178/02.jpg,train,1024,768,rain,15,synthetic_cc0,2026-08-18T10:00:00+05:30
lmk_8fdb9254,poi_fb2bf178,hot_air_balloon_field,media/landmarks/poi_fb2bf178/03.jpg,train,1024,768,daylight,45,synthetic_cc0,2026-08-18T10:00:00+05:30
lmk_3a065398,poi_fb2bf178,hot_air_balloon_field,media/landmarks/poi_fb2bf178/04.jpg,train,1024,768,night,30,synthetic_cc0,2026-08-18T10:00:00+05:30
lmk_fde007df,poi_fb2bf178,hot_air_balloon_field,media/landmarks/poi_fb2bf178/05.jpg,train,1024,768,rain,5,synthetic_cc0,2026-08-18T10:00:00+05:30
lmk_5da2b672,poi_fb2bf178,hot_air_balloon_field,media/landmarks/poi_fb2bf178/06.jpg,train,1024,768,night,0,synthetic_cc0,2026-08-18T10:00:00+05:30
lmk_fed695c0,poi_fb2bf178,hot_air_balloon_field,media/landmarks/poi_fb2bf178/07.jpg,eval,1024,768,daylight,30,synthetic_cc0,2026-08-18T10:00:00+05:30
lmk_f3d3e0e3,poi_fb2bf178,hot_air_balloon_field,media/landmarks/poi_fb2bf178/08.jpg,eval,1024,768,crowded,0,synthetic_cc0,2026-08-18T10:00:00+05:30
lmk_b64d6dfe,poi_fb2bf178,hot_air_balloon_field,media/landmarks/poi_fb2bf178/09.jpg,eval,1024,768,rain,0,synthetic_cc0,2026-08-18T10:00:00+05:30
lmk_c24c45fa,poi_0181afcd,gallery_of_modern_art_hampi,media/landmarks/poi_0181afcd/00.jpg,train,1024,768,rain,0,synthetic_cc0,2026-08-18T10:00:00+05:30
lmk_a854b392,poi_0181afcd,gallery_of_modern_art_hampi,media/landmarks/poi_0181afcd/01.jpg,train,1024,768,daylight,5,synthetic_cc0,2026-08-18T10:00:00+05:30
lmk_a452a4a1,poi_0181afcd,gallery_of_modern_art_hampi,media/landmarks/poi_0181afcd/02.jpg,train,1024,768,daylight,30,synthetic_cc0,2026-08-18T10:00:00+05:30
lmk_850cad2b,poi_0181afcd,gallery_of_modern_art_hampi,media/landmarks/poi_0181afcd/03.jpg,train,1024,768,daylight,30,synthetic_cc0,2026-08-18T10:00:00+05:30
lmk_d4c42f24,poi_0181afcd,gallery_of_modern_art_hampi,media/landmarks/poi_0181afcd/04.jpg,train,1024,768,daylight,0,synthetic_cc0,2026-08-18T10:00:00+05:30
lmk_96f11329,poi_0181afcd,gallery_of_modern_art_hampi,media/landmarks/poi_0181afcd/05.jpg,train,1024,768,rain,30,synthetic_cc0,2026-08-18T10:00:00+05:30
lmk_d43472cc,poi_0181afcd,gallery_of_modern_art_hampi,media/landmarks/poi_0181afcd/06.jpg,train,1024,768,rain,15,synthetic_cc0,2026-08-18T10:00:00+05:30
lmk_8fa9af3d,poi_0181afcd,gallery_of_modern_art_hampi,media/landmarks/poi_0181afcd/07.jpg,eval,1024,768,dusk,15,synthetic_cc0,2026-08-18T10:00:00+05:30
lmk_1caa5953,poi_0181afcd,gallery_of_modern_art_hampi,media/landmarks/poi_0181afcd/08.jpg,eval,1024,768,daylight,0,synthetic_cc0,2026-08-18T10:00:00+05:30
lmk_d3036ba7,poi_0181afcd,gallery_of_modern_art_hampi,media/landmarks/poi_0181afcd/09.jpg,eval,1024,768,rain,45,synthetic_cc0,2026-08-18T10:00:00+05:30
lmk_ff2e10b5,poi_8f578694,mysuru_stepwell,media/landmarks/poi_8f578694/00.jpg,train,1024,768,crowded,45,synthetic_cc0,2026-08-18T10:00:00+05:30
lmk_d0d98e92,poi_8f578694,mysuru_stepwell,media/landmarks/poi_8f578694/01.jpg,train,1024,768,daylight,5,synthetic_cc0,2026-08-18T10:00:00+05:30
lmk_24680fd9,poi_8f578694,mysuru_stepwell,media/landmarks/poi_8f578694/02.jpg,train,1024,768,daylight,30,synthetic_cc0,2026-08-18T10:00:00+05:30
lmk_7d7203b8,poi_8f578694,mysuru_stepwell,media/landmarks/poi_8f578694/03.jpg,train,1024,768,daylight,5,synthetic_cc0,2026-08-18T10:00:00+05:30
lmk_c89e8bbc,poi_8f578694,mysuru_stepwell,media/landmarks/poi_8f578694/04.jpg,train,1024,768,dusk,5,synthetic_cc0,2026-08-18T10:00:00+05:30
lmk_25d86dc0,poi_8f578694,mysuru_stepwell,media/landmarks/poi_8f578694/05.jpg,train,1024,768,rain,0,synthetic_cc0,2026-08-18T10:00:00+05:30
lmk_8078918d,poi_8f578694,mysuru_stepwell,media/landmarks/poi_8f578694/06.jpg,train,1024,768,crowded,45,synthetic_cc0,2026-08-18T10:00:00+05:30
lmk_5fc6c8c9,poi_8f578694,mysuru_stepwell,media/landmarks/poi_8f578694/07.jpg,eval,1024,768,dusk,5,synthetic_cc0,2026-08-18T10:00:00+05:30
lmk_00ae6da7,poi_8f578694,mysuru_stepwell,media/landmarks/poi_8f578694/08.jpg,eval,1024,768,crowded,5,synthetic_cc0,2026-08-18T10:00:00+05:30
lmk_316b26b8,poi_8f578694,mysuru_stepwell,media/landmarks/poi_8f578694/09.jpg,eval,1024,768,daylight,0,synthetic_cc0,2026-08-18T10:00:00+05:30
lmk_1c596c69,poi_eb997264,crocodile_park,media/landmarks/poi_eb997264/00.jpg,train,1024,768,daylight,0,synthetic_cc0,2026-08-18T10:00:00+05:30
lmk_d3bbd00d,poi_eb997264,crocodile_park,media/landmarks/poi_eb997264/01.jpg,train,1024,768,dusk,30,synthetic_cc0,2026-08-18T10:00:00+05:30
lmk_33ec8f83,poi_eb997264,crocodile_park,media/landmarks/poi_eb997264/02.jpg,train,1024,768,dusk,15,synthetic_cc0,2026-08-18T10:00:00+05:30
lmk_ff7713b5,poi_eb997264,crocodile_park,media/landmarks/poi_eb997264/03.jpg,train,1024,768,rain,0,synthetic_cc0,2026-08-18T10:00:00+05:30
lmk_2b3a1285,poi_eb997264,crocodile_park,media/landmarks/poi_eb997264/04.jpg,train,1024,768,dusk,0,synthetic_cc0,2026-08-18T10:00:00+05:30
lmk_e83a8d0c,poi_eb997264,crocodile_park,media/landmarks/poi_eb997264/05.jpg,train,1024,768,dusk,0,synthetic_cc0,2026-08-18T10:00:00+05:30
lmk_e303868e,poi_eb997264,crocodile_park,media/landmarks/poi_eb997264/06.jpg,train,1024,768,daylight,45,synthetic_cc0,2026-08-18T10:00:00+05:30
lmk_a6380279,poi_eb997264,crocodile_park,media/landmarks/poi_eb997264/07.jpg,eval,1024,768,daylight,45,synthetic_cc0,2026-08-18T10:00:00+05:30
lmk_59485810,poi_eb997264,crocodile_park,media/landmarks/poi_eb997264/08.jpg,eval,1024,768,dusk,0,synthetic_cc0,2026-08-18T10:00:00+05:30
lmk_5985d31d,poi_eb997264,crocodile_park,media/landmarks/poi_eb997264/09.jpg,eval,1024,768,dusk,0,synthetic_cc0,2026-08-18T10:00:00+05:30
lmk_d18b28f6,poi_493eac5b,st_mary's_church_kandy,media/landmarks/poi_493eac5b/00.jpg,train,1024,768,night,45,synthetic_cc0,2026-08-18T10:00:00+05:30
lmk_ebe24074,poi_493eac5b,st_mary's_church_kandy,media/landmarks/poi_493eac5b/01.jpg,train,1024,768,rain,15,synthetic_cc0,2026-08-18T10:00:00+05:30
lmk_a74da161,poi_493eac5b,st_mary's_church_kandy,media/landmarks/poi_493eac5b/02.jpg,train,1024,768,dusk,0,synthetic_cc0,2026-08-18T10:00:00+05:30
lmk_81ba109a,poi_493eac5b,st_mary's_church_kandy,media/landmarks/poi_493eac5b/03.jpg,train,1024,768,crowded,30,synthetic_cc0,2026-08-18T10:00:00+05:30
lmk_c0428ffe,poi_493eac5b,st_mary's_church_kandy,media/landmarks/poi_493eac5b/04.jpg,train,1024,768,daylight,0,synthetic_cc0,2026-08-18T10:00:00+05:30
lmk_7cb5a306,poi_493eac5b,st_mary's_church_kandy,media/landmarks/poi_493eac5b/05.jpg,train,1024,768,daylight,30,synthetic_cc0,2026-08-18T10:00:00+05:30
lmk_6c20ee2e,poi_493eac5b,st_mary's_church_kandy,media/landmarks/poi_493eac5b/06.jpg,train,1024,768,daylight,5,synthetic_cc0,2026-08-18T10:00:00+05:30
lmk_ffa40c79,poi_493eac5b,st_mary's_church_kandy,media/landmarks/poi_493eac5b/07.jpg,eval,1024,768,crowded,30,synthetic_cc0,2026-08-18T10:00:00+05:30
lmk_90545b0a,poi_493eac5b,st_mary's_church_kandy,media/landmarks/poi_493eac5b/08.jpg,eval,1024,768,dusk,30,synthetic_cc0,2026-08-18T10:00:00+05:30
lmk_0640f78f,poi_493eac5b,st_mary's_church_kandy,media/landmarks/poi_493eac5b/09.jpg,eval,1024,768,dusk,5,synthetic_cc0,2026-08-18T10:00:00+05:30
lmk_5a255125,poi_7487db98,rooftop_live_music,media/landmarks/poi_7487db98/00.jpg,train,1024,768,dusk,0,synthetic_cc0,2026-08-18T10:00:00+05:30
lmk_96d5a853,poi_7487db98,rooftop_live_music,media/landmarks/poi_7487db98/01.jpg,train,1024,768,night,5,synthetic_cc0,2026-08-18T10:00:00+05:30
lmk_f01d0c5f,poi_7487db98,rooftop_live_music,media/landmarks/poi_7487db98/02.jpg,train,1024,768,daylight,0,synthetic_cc0,2026-08-18T10:00:00+05:30
lmk_7c0d5e93,poi_7487db98,rooftop_live_music,media/landmarks/poi_7487db98/03.jpg,train,1024,768,daylight,0,synthetic_cc0,2026-08-18T10:00:00+05:30
lmk_b266b8f0,poi_7487db98,rooftop_live_music,media/landmarks/poi_7487db98/04.jpg,train,1024,768,daylight,0,synthetic_cc0,2026-08-18T10:00:00+05:30
lmk_b21742d7,poi_7487db98,rooftop_live_music,media/landmarks/poi_7487db98/05.jpg,train,1024,768,night,5,synthetic_cc0,2026-08-18T10:00:00+05:30
lmk_e8459001,poi_7487db98,rooftop_live_music,media/landmarks/poi_7487db98/06.jpg,train,1024,768,daylight,30,synthetic_cc0,2026-08-18T10:00:00+05:30
lmk_7194843c,poi_7487db98,rooftop_live_music,media/landmarks/poi_7487db98/07.jpg,eval,1024,768,rain,30,synthetic_cc0,2026-08-18T10:00:00+05:30
lmk_06134cde,poi_7487db98,rooftop_live_music,media/landmarks/poi_7487db98/08.jpg,eval,1024,768,dusk,30,synthetic_cc0,2026-08-18T10:00:00+05:30
lmk_2da548d7,poi_7487db98,rooftop_live_music,media/landmarks/poi_7487db98/09.jpg,eval,1024,768,daylight,0,synthetic_cc0,2026-08-18T10:00:00+05:30
lmk_d623fd5a,poi_090cc669,butterfly_reserve,media/landmarks/poi_090cc669/00.jpg,train,1024,768,rain,0,synthetic_cc0,2026-08-18T10:00:00+05:30
lmk_a26ff9f4,poi_090cc669,butterfly_reserve,media/landmarks/poi_090cc669/01.jpg,train,1024,768,daylight,30,synthetic_cc0,2026-08-18T10:00:00+05:30
lmk_b4f6556a,poi_090cc669,butterfly_reserve,media/landmarks/poi_090cc669/02.jpg,train,1024,768,daylight,30,synthetic_cc0,2026-08-18T10:00:00+05:30
lmk_66ee8044,poi_090cc669,butterfly_reserve,media/landmarks/poi_090cc669/03.jpg,train,1024,768,crowded,5,synthetic_cc0,2026-08-18T10:00:00+05:30
lmk_207932ae,poi_090cc669,butterfly_reserve,media/landmarks/poi_090cc669/04.jpg,train,1024,768,dusk,45,synthetic_cc0,2026-08-18T10:00:00+05:30
lmk_17918504,poi_090cc669,butterfly_reserve,media/landmarks/poi_090cc669/05.jpg,train,1024,768,daylight,30,synthetic_cc0,2026-08-18T10:00:00+05:30
lmk_84c7d3a0,poi_090cc669,butterfly_reserve,media/landmarks/poi_090cc669/06.jpg,train,1024,768,night,0,synthetic_cc0,2026-08-18T10:00:00+05:30
lmk_8477ef4c,poi_090cc669,butterfly_reserve,media/landmarks/poi_090cc669/07.jpg,eval,1024,768,daylight,5,synthetic_cc0,2026-08-18T10:00:00+05:30
lmk_0f6b137c,poi_090cc669,butterfly_reserve,media/landmarks/poi_090cc669/08.jpg,eval,1024,768,dusk,0,synthetic_cc0,2026-08-18T10:00:00+05:30
lmk_38fa3049,poi_090cc669,butterfly_reserve,media/landmarks/poi_090cc669/09.jpg,eval,1024,768,daylight,45,synthetic_cc0,2026-08-18T10:00:00+05:30
lmk_7f566090,poi_5d8f9902,fishermen's_cove,media/landmarks/poi_5d8f9902/00.jpg,train,1024,768,daylight,5,synthetic_cc0,2026-08-18T10:00:00+05:30
lmk_f99ad6c8,poi_5d8f9902,fishermen's_cove,media/landmarks/poi_5d8f9902/01.jpg,train,1024,768,rain,0,synthetic_cc0,2026-08-18T10:00:00+05:30
lmk_7498fe79,poi_5d8f9902,fishermen's_cove,media/landmarks/poi_5d8f9902/02.jpg,train,1024,768,daylight,15,synthetic_cc0,2026-08-18T10:00:00+05:30
lmk_19a39e42,poi_5d8f9902,fishermen's_cove,media/landmarks/poi_5d8f9902/03.jpg,train,1024,768,dusk,0,synthetic_cc0,2026-08-18T10:00:00+05:30
lmk_bd3095ec,poi_5d8f9902,fishermen's_cove,media/landmarks/poi_5d8f9902/04.jpg,train,1024,768,crowded,15,synthetic_cc0,2026-08-18T10:00:00+05:30
lmk_8de40233,poi_5d8f9902,fishermen's_cove,media/landmarks/poi_5d8f9902/05.jpg,train,1024,768,crowded,15,synthetic_cc0,2026-08-18T10:00:00+05:30
lmk_483d1055,poi_5d8f9902,fishermen's_cove,media/landmarks/poi_5d8f9902/06.jpg,train,1024,768,daylight,45,synthetic_cc0,2026-08-18T10:00:00+05:30
lmk_b7656c1b,poi_5d8f9902,fishermen's_cove,media/landmarks/poi_5d8f9902/07.jpg,eval,1024,768,night,45,synthetic_cc0,2026-08-18T10:00:00+05:30
lmk_312907fa,poi_5d8f9902,fishermen's_cove,media/landmarks/poi_5d8f9902/08.jpg,eval,1024,768,dusk,5,synthetic_cc0,2026-08-18T10:00:00+05:30
lmk_816badb2,poi_5d8f9902,fishermen's_cove,media/landmarks/poi_5d8f9902/09.jpg,eval,1024,768,daylight,0,synthetic_cc0,2026-08-18T10:00:00+05:30
lmk_d0f413c2,poi_88179724,riverside_lounge,media/landmarks/poi_88179724/00.jpg,train,1024,768,rain,15,synthetic_cc0,2026-08-18T10:00:00+05:30
lmk_30271d04,poi_88179724,riverside_lounge,media/landmarks/poi_88179724/01.jpg,train,1024,768,rain,45,synthetic_cc0,2026-08-18T10:00:00+05:30
lmk_cd88e841,poi_88179724,riverside_lounge,media/landmarks/poi_88179724/02.jpg,train,1024,768,daylight,5,synthetic_cc0,2026-08-18T10:00:00+05:30
lmk_83d4eac8,poi_88179724,riverside_lounge,media/landmarks/poi_88179724/03.jpg,train,1024,768,night,30,synthetic_cc0,2026-08-18T10:00:00+05:30
lmk_cdd8a688,poi_88179724,riverside_lounge,media/landmarks/poi_88179724/04.jpg,train,1024,768,daylight,0,synthetic_cc0,2026-08-18T10:00:00+05:30
lmk_407a177b,poi_88179724,riverside_lounge,media/landmarks/poi_88179724/05.jpg,train,1024,768,daylight,0,synthetic_cc0,2026-08-18T10:00:00+05:30
lmk_140482d0,poi_88179724,riverside_lounge,media/landmarks/poi_88179724/06.jpg,train,1024,768,night,0,synthetic_cc0,2026-08-18T10:00:00+05:30
lmk_bdb1e1f9,poi_88179724,riverside_lounge,media/landmarks/poi_88179724/07.jpg,eval,1024,768,dusk,30,synthetic_cc0,2026-08-18T10:00:00+05:30
lmk_1b6dc602,poi_88179724,riverside_lounge,media/landmarks/poi_88179724/08.jpg,eval,1024,768,dusk,5,synthetic_cc0,2026-08-18T10:00:00+05:30
lmk_05eb1867,poi_88179724,riverside_lounge,media/landmarks/poi_88179724/09.jpg,eval,1024,768,daylight,45,synthetic_cc0,2026-08-18T10:00:00+05:30
lmk_51365f06,poi_9380220d,riverside_lounge,media/landmarks/poi_9380220d/00.jpg,train,1024,768,daylight,0,synthetic_cc0,2026-08-18T10:00:00+05:30
lmk_9c345c59,poi_9380220d,riverside_lounge,media/landmarks/poi_9380220d/01.jpg,train,1024,768,crowded,5,synthetic_cc0,2026-08-18T10:00:00+05:30
lmk_802a0a23,poi_9380220d,riverside_lounge,media/landmarks/poi_9380220d/02.jpg,train,1024,768,night,0,synthetic_cc0,2026-08-18T10:00:00+05:30
lmk_5948f39b,poi_9380220d,riverside_lounge,media/landmarks/poi_9380220d/03.jpg,train,1024,768,daylight,30,synthetic_cc0,2026-08-18T10:00:00+05:30
lmk_2e86decd,poi_9380220d,riverside_lounge,media/landmarks/poi_9380220d/04.jpg,train,1024,768,rain,0,synthetic_cc0,2026-08-18T10:00:00+05:30
lmk_1c12bcd8,poi_9380220d,riverside_lounge,media/landmarks/poi_9380220d/05.jpg,train,1024,768,night,15,synthetic_cc0,2026-08-18T10:00:00+05:30
lmk_68f894fe,poi_9380220d,riverside_lounge,media/landmarks/poi_9380220d/06.jpg,train,1024,768,daylight,0,synthetic_cc0,2026-08-18T10:00:00+05:30
lmk_9ba1aa24,poi_9380220d,riverside_lounge,media/landmarks/poi_9380220d/07.jpg,eval,1024,768,night,30,synthetic_cc0,2026-08-18T10:00:00+05:30
lmk_1e852ae3,poi_9380220d,riverside_lounge,media/landmarks/poi_9380220d/08.jpg,eval,1024,768,crowded,45,synthetic_cc0,2026-08-18T10:00:00+05:30
lmk_f96140fd,poi_9380220d,riverside_lounge,media/landmarks/poi_9380220d/09.jpg,eval,1024,768,daylight,0,synthetic_cc0,2026-08-18T10:00:00+05:30
lmk_80ed8a73,poi_21a4922d,quiet_bay,media/landmarks/poi_21a4922d/00.jpg,train,1024,768,night,45,synthetic_cc0,2026-08-18T10:00:00+05:30
lmk_722cb61c,poi_21a4922d,quiet_bay,media/landmarks/poi_21a4922d/01.jpg,train,1024,768,crowded,0,synthetic_cc0,2026-08-18T10:00:00+05:30
lmk_16211cd2,poi_21a4922d,quiet_bay,media/landmarks/poi_21a4922d/02.jpg,train,1024,768,night,45,synthetic_cc0,2026-08-18T10:00:00+05:30
lmk_8c95bd8c,poi_21a4922d,quiet_bay,media/landmarks/poi_21a4922d/03.jpg,train,1024,768,dusk,0,synthetic_cc0,2026-08-18T10:00:00+05:30
lmk_f9b0ed3e,poi_21a4922d,quiet_bay,media/landmarks/poi_21a4922d/04.jpg,train,1024,768,crowded,15,synthetic_cc0,2026-08-18T10:00:00+05:30
lmk_b9f78909,poi_21a4922d,quiet_bay,media/landmarks/poi_21a4922d/05.jpg,train,1024,768,daylight,5,synthetic_cc0,2026-08-18T10:00:00+05:30
lmk_f4c8907d,poi_21a4922d,quiet_bay,media/landmarks/poi_21a4922d/06.jpg,train,1024,768,crowded,30,synthetic_cc0,2026-08-18T10:00:00+05:30
lmk_2cf2a3aa,poi_21a4922d,quiet_bay,media/landmarks/poi_21a4922d/07.jpg,eval,1024,768,night,5,synthetic_cc0,2026-08-18T10:00:00+05:30
lmk_2ebc9910,poi_21a4922d,quiet_bay,media/landmarks/poi_21a4922d/08.jpg,eval,1024,768,daylight,15,synthetic_cc0,2026-08-18T10:00:00+05:30
lmk_90f0417c,poi_21a4922d,quiet_bay,media/landmarks/poi_21a4922d/09.jpg,eval,1024,768,daylight,0,synthetic_cc0,2026-08-18T10:00:00+05:30
lmk_3d24b826,poi_01a95571,yoga_shala,media/landmarks/poi_01a95571/00.jpg,train,1024,768,daylight,0,synthetic_cc0,2026-08-18T10:00:00+05:30
lmk_2c437a05,poi_01a95571,yoga_shala,media/landmarks/poi_01a95571/01.jpg,train,1024,768,night,45,synthetic_cc0,2026-08-18T10:00:00+05:30
lmk_3680114c,poi_01a95571,yoga_shala,media/landmarks/poi_01a95571/02.jpg,train,1024,768,daylight,15,synthetic_cc0,2026-08-18T10:00:00+05:30
lmk_060b9995,poi_01a95571,yoga_shala,media/landmarks/poi_01a95571/03.jpg,train,1024,768,daylight,15,synthetic_cc0,2026-08-18T10:00:00+05:30
lmk_66a23b06,poi_01a95571,yoga_shala,media/landmarks/poi_01a95571/04.jpg,train,1024,768,crowded,30,synthetic_cc0,2026-08-18T10:00:00+05:30
lmk_18587be7,poi_01a95571,yoga_shala,media/landmarks/poi_01a95571/05.jpg,train,1024,768,daylight,0,synthetic_cc0,2026-08-18T10:00:00+05:30
lmk_8272c258,poi_01a95571,yoga_shala,media/landmarks/poi_01a95571/06.jpg,train,1024,768,rain,30,synthetic_cc0,2026-08-18T10:00:00+05:30
lmk_f71d11f3,poi_01a95571,yoga_shala,media/landmarks/poi_01a95571/07.jpg,eval,1024,768,night,0,synthetic_cc0,2026-08-18T10:00:00+05:30
lmk_e151078a,poi_01a95571,yoga_shala,media/landmarks/poi_01a95571/08.jpg,eval,1024,768,daylight,45,synthetic_cc0,2026-08-18T10:00:00+05:30
lmk_f09b2c3f,poi_01a95571,yoga_shala,media/landmarks/poi_01a95571/09.jpg,eval,1024,768,night,45,synthetic_cc0,2026-08-18T10:00:00+05:30
lmk_c68c1068,poi_fb5f89ab,watchtower_terrace,media/landmarks/poi_fb5f89ab/00.jpg,train,1024,768,daylight,0,synthetic_cc0,2026-08-18T10:00:00+05:30
lmk_c71fb177,poi_fb5f89ab,watchtower_terrace,media/landmarks/poi_fb5f89ab/01.jpg,train,1024,768,rain,0,synthetic_cc0,2026-08-18T10:00:00+05:30
lmk_2fc0a294,poi_fb5f89ab,watchtower_terrace,media/landmarks/poi_fb5f89ab/02.jpg,train,1024,768,night,0,synthetic_cc0,2026-08-18T10:00:00+05:30
lmk_b101ea05,poi_fb5f89ab,watchtower_terrace,media/landmarks/poi_fb5f89ab/03.jpg,train,1024,768,daylight,0,synthetic_cc0,2026-08-18T10:00:00+05:30
lmk_7bb407cf,poi_fb5f89ab,watchtower_terrace,media/landmarks/poi_fb5f89ab/04.jpg,train,1024,768,night,5,synthetic_cc0,2026-08-18T10:00:00+05:30
lmk_b7cac37b,poi_fb5f89ab,watchtower_terrace,media/landmarks/poi_fb5f89ab/05.jpg,train,1024,768,daylight,30,synthetic_cc0,2026-08-18T10:00:00+05:30
lmk_4bf5a205,poi_fb5f89ab,watchtower_terrace,media/landmarks/poi_fb5f89ab/06.jpg,train,1024,768,dusk,45,synthetic_cc0,2026-08-18T10:00:00+05:30
lmk_de0d2424,poi_fb5f89ab,watchtower_terrace,media/landmarks/poi_fb5f89ab/07.jpg,eval,1024,768,night,15,synthetic_cc0,2026-08-18T10:00:00+05:30
lmk_130fcf2b,poi_fb5f89ab,watchtower_terrace,media/landmarks/poi_fb5f89ab/08.jpg,eval,1024,768,dusk,5,synthetic_cc0,2026-08-18T10:00:00+05:30
lmk_2879e56d,poi_fb5f89ab,watchtower_terrace,media/landmarks/poi_fb5f89ab/09.jpg,eval,1024,768,daylight,0,synthetic_cc0,2026-08-18T10:00:00+05:30
lmk_c032c4d7,poi_31043af1,riverside_lounge,media/landmarks/poi_31043af1/00.jpg,train,1024,768,dusk,45,synthetic_cc0,2026-08-18T10:00:00+05:30
lmk_d5e98d51,poi_31043af1,riverside_lounge,media/landmarks/poi_31043af1/01.jpg,train,1024,768,crowded,0,synthetic_cc0,2026-08-18T10:00:00+05:30
lmk_51432eea,poi_31043af1,riverside_lounge,media/landmarks/poi_31043af1/02.jpg,train,1024,768,night,15,synthetic_cc0,2026-08-18T10:00:00+05:30
lmk_f1fea219,poi_31043af1,riverside_lounge,media/landmarks/poi_31043af1/03.jpg,train,1024,768,dusk,45,synthetic_cc0,2026-08-18T10:00:00+05:30
lmk_f27463cc,poi_31043af1,riverside_lounge,media/landmarks/poi_31043af1/04.jpg,train,1024,768,crowded,0,synthetic_cc0,2026-08-18T10:00:00+05:30
lmk_0b25570f,poi_31043af1,riverside_lounge,media/landmarks/poi_31043af1/05.jpg,train,1024,768,daylight,30,synthetic_cc0,2026-08-18T10:00:00+05:30
lmk_640adca9,poi_31043af1,riverside_lounge,media/landmarks/poi_31043af1/06.jpg,train,1024,768,night,15,synthetic_cc0,2026-08-18T10:00:00+05:30
lmk_a2245a14,poi_31043af1,riverside_lounge,media/landmarks/poi_31043af1/07.jpg,eval,1024,768,daylight,0,synthetic_cc0,2026-08-18T10:00:00+05:30
lmk_166595be,poi_31043af1,riverside_lounge,media/landmarks/poi_31043af1/08.jpg,eval,1024,768,rain,30,synthetic_cc0,2026-08-18T10:00:00+05:30
lmk_81eba872,poi_31043af1,riverside_lounge,media/landmarks/poi_31043af1/09.jpg,eval,1024,768,daylight,0,synthetic_cc0,2026-08-18T10:00:00+05:30
lmk_a3cb64a8,poi_83533555,dubai_observatory,media/landmarks/poi_83533555/00.jpg,train,1024,768,daylight,0,synthetic_cc0,2026-08-18T10:00:00+05:30
lmk_f6b8b12f,poi_83533555,dubai_observatory,media/landmarks/poi_83533555/01.jpg,train,1024,768,crowded,45,synthetic_cc0,2026-08-18T10:00:00+05:30
lmk_b7386673,poi_83533555,dubai_observatory,media/landmarks/poi_83533555/02.jpg,train,1024,768,daylight,15,synthetic_cc0,2026-08-18T10:00:00+05:30
lmk_67c07c67,poi_83533555,dubai_observatory,media/landmarks/poi_83533555/03.jpg,train,1024,768,daylight,15,synthetic_cc0,2026-08-18T10:00:00+05:30
lmk_341ba3ca,poi_83533555,dubai_observatory,media/landmarks/poi_83533555/04.jpg,train,1024,768,crowded,0,synthetic_cc0,2026-08-18T10:00:00+05:30
lmk_77aa1a82,poi_83533555,dubai_observatory,media/landmarks/poi_83533555/05.jpg,train,1024,768,dusk,0,synthetic_cc0,2026-08-18T10:00:00+05:30
lmk_d9fdb4a7,poi_83533555,dubai_observatory,media/landmarks/poi_83533555/06.jpg,train,1024,768,dusk,30,synthetic_cc0,2026-08-18T10:00:00+05:30
lmk_5c980ff4,poi_83533555,dubai_observatory,media/landmarks/poi_83533555/07.jpg,eval,1024,768,dusk,0,synthetic_cc0,2026-08-18T10:00:00+05:30
lmk_94403af4,poi_83533555,dubai_observatory,media/landmarks/poi_83533555/08.jpg,eval,1024,768,dusk,0,synthetic_cc0,2026-08-18T10:00:00+05:30
lmk_901f9415,poi_83533555,dubai_observatory,media/landmarks/poi_83533555/09.jpg,eval,1024,768,crowded,45,synthetic_cc0,2026-08-18T10:00:00+05:30
lmk_7ff97664,poi_34b126e7,cliff_walk,media/landmarks/poi_34b126e7/00.jpg,train,1024,768,daylight,30,synthetic_cc0,2026-08-18T10:00:00+05:30
lmk_fe2e4d2b,poi_34b126e7,cliff_walk,media/landmarks/poi_34b126e7/01.jpg,train,1024,768,daylight,30,synthetic_cc0,2026-08-18T10:00:00+05:30
lmk_241b0ae2,poi_34b126e7,cliff_walk,media/landmarks/poi_34b126e7/02.jpg,train,1024,768,dusk,45,synthetic_cc0,2026-08-18T10:00:00+05:30
lmk_759ebd24,poi_34b126e7,cliff_walk,media/landmarks/poi_34b126e7/03.jpg,train,1024,768,daylight,0,synthetic_cc0,2026-08-18T10:00:00+05:30
lmk_31bcd2d8,poi_34b126e7,cliff_walk,media/landmarks/poi_34b126e7/04.jpg,train,1024,768,crowded,30,synthetic_cc0,2026-08-18T10:00:00+05:30
lmk_dfdb2169,poi_34b126e7,cliff_walk,media/landmarks/poi_34b126e7/05.jpg,train,1024,768,daylight,30,synthetic_cc0,2026-08-18T10:00:00+05:30
lmk_cf45bfea,poi_34b126e7,cliff_walk,media/landmarks/poi_34b126e7/06.jpg,train,1024,768,dusk,0,synthetic_cc0,2026-08-18T10:00:00+05:30
lmk_1442f2e6,poi_34b126e7,cliff_walk,media/landmarks/poi_34b126e7/07.jpg,eval,1024,768,daylight,0,synthetic_cc0,2026-08-18T10:00:00+05:30
lmk_60e87961,poi_34b126e7,cliff_walk,media/landmarks/poi_34b126e7/08.jpg,eval,1024,768,daylight,5,synthetic_cc0,2026-08-18T10:00:00+05:30
lmk_cd7d60c5,poi_34b126e7,cliff_walk,media/landmarks/poi_34b126e7/09.jpg,eval,1024,768,daylight,45,synthetic_cc0,2026-08-18T10:00:00+05:30
lmk_16bfd414,poi_fec61450,jain_temple_complex,media/landmarks/poi_fec61450/00.jpg,train,1024,768,daylight,30,synthetic_cc0,2026-08-18T10:00:00+05:30
lmk_26b7edc2,poi_fec61450,jain_temple_complex,media/landmarks/poi_fec61450/01.jpg,train,1024,768,daylight,0,synthetic_cc0,2026-08-18T10:00:00+05:30
lmk_92f1f23a,poi_fec61450,jain_temple_complex,media/landmarks/poi_fec61450/02.jpg,train,1024,768,dusk,30,synthetic_cc0,2026-08-18T10:00:00+05:30
lmk_207e2cc6,poi_fec61450,jain_temple_complex,media/landmarks/poi_fec61450/03.jpg,train,1024,768,dusk,0,synthetic_cc0,2026-08-18T10:00:00+05:30
lmk_e5c7bfc6,poi_fec61450,jain_temple_complex,media/landmarks/poi_fec61450/04.jpg,train,1024,768,night,30,synthetic_cc0,2026-08-18T10:00:00+05:30
lmk_3bb26d96,poi_fec61450,jain_temple_complex,media/landmarks/poi_fec61450/05.jpg,train,1024,768,crowded,5,synthetic_cc0,2026-08-18T10:00:00+05:30
lmk_9646bdfd,poi_fec61450,jain_temple_complex,media/landmarks/poi_fec61450/06.jpg,train,1024,768,dusk,45,synthetic_cc0,2026-08-18T10:00:00+05:30
lmk_0b812300,poi_fec61450,jain_temple_complex,media/landmarks/poi_fec61450/07.jpg,eval,1024,768,crowded,0,synthetic_cc0,2026-08-18T10:00:00+05:30
lmk_1dcd1c97,poi_fec61450,jain_temple_complex,media/landmarks/poi_fec61450/08.jpg,eval,1024,768,night,30,synthetic_cc0,2026-08-18T10:00:00+05:30
lmk_63539da3,poi_fec61450,jain_temple_complex,media/landmarks/poi_fec61450/09.jpg,eval,1024,768,dusk,0,synthetic_cc0,2026-08-18T10:00:00+05:30
lmk_6b761986,poi_2254e322,spice_market_walk,media/landmarks/poi_2254e322/00.jpg,train,1024,768,rain,5,synthetic_cc0,2026-08-18T10:00:00+05:30
lmk_7a38d299,poi_2254e322,spice_market_walk,media/landmarks/poi_2254e322/01.jpg,train,1024,768,daylight,15,synthetic_cc0,2026-08-18T10:00:00+05:30
lmk_a38fc720,poi_2254e322,spice_market_walk,media/landmarks/poi_2254e322/02.jpg,train,1024,768,crowded,45,synthetic_cc0,2026-08-18T10:00:00+05:30
lmk_2110dea9,poi_2254e322,spice_market_walk,media/landmarks/poi_2254e322/03.jpg,train,1024,768,rain,15,synthetic_cc0,2026-08-18T10:00:00+05:30
lmk_17a30edc,poi_2254e322,spice_market_walk,media/landmarks/poi_2254e322/04.jpg,train,1024,768,crowded,30,synthetic_cc0,2026-08-18T10:00:00+05:30
lmk_4f2d42a5,poi_2254e322,spice_market_walk,media/landmarks/poi_2254e322/05.jpg,train,1024,768,crowded,0,synthetic_cc0,2026-08-18T10:00:00+05:30
lmk_910ed854,poi_2254e322,spice_market_walk,media/landmarks/poi_2254e322/06.jpg,train,1024,768,daylight,5,synthetic_cc0,2026-08-18T10:00:00+05:30
lmk_f0fe6ce9,poi_2254e322,spice_market_walk,media/landmarks/poi_2254e322/07.jpg,eval,1024,768,dusk,0,synthetic_cc0,2026-08-18T10:00:00+05:30
lmk_b598dcf6,poi_2254e322,spice_market_walk,media/landmarks/poi_2254e322/08.jpg,eval,1024,768,dusk,5,synthetic_cc0,2026-08-18T10:00:00+05:30
lmk_eeb398ca,poi_2254e322,spice_market_walk,media/landmarks/poi_2254e322/09.jpg,eval,1024,768,crowded,15,synthetic_cc0,2026-08-18T10:00:00+05:30
lmk_3f9fbd93,poi_51f80251,ayurveda_centre,media/landmarks/poi_51f80251/00.jpg,train,1024,768,daylight,45,synthetic_cc0,2026-08-18T10:00:00+05:30
lmk_ea92b366,poi_51f80251,ayurveda_centre,media/landmarks/poi_51f80251/01.jpg,train,1024,768,night,5,synthetic_cc0,2026-08-18T10:00:00+05:30
lmk_2807f3eb,poi_51f80251,ayurveda_centre,media/landmarks/poi_51f80251/02.jpg,train,1024,768,night,15,synthetic_cc0,2026-08-18T10:00:00+05:30
lmk_977ab693,poi_51f80251,ayurveda_centre,media/landmarks/poi_51f80251/03.jpg,train,1024,768,dusk,30,synthetic_cc0,2026-08-18T10:00:00+05:30
lmk_c822d7a1,poi_51f80251,ayurveda_centre,media/landmarks/poi_51f80251/04.jpg,train,1024,768,rain,30,synthetic_cc0,2026-08-18T10:00:00+05:30
lmk_52cc93df,poi_51f80251,ayurveda_centre,media/landmarks/poi_51f80251/05.jpg,train,1024,768,crowded,45,synthetic_cc0,2026-08-18T10:00:00+05:30
lmk_374145c6,poi_51f80251,ayurveda_centre,media/landmarks/poi_51f80251/06.jpg,train,1024,768,rain,0,synthetic_cc0,2026-08-18T10:00:00+05:30
lmk_0a880eaf,poi_51f80251,ayurveda_centre,media/landmarks/poi_51f80251/07.jpg,eval,1024,768,dusk,15,synthetic_cc0,2026-08-18T10:00:00+05:30
lmk_507a12ef,poi_51f80251,ayurveda_centre,media/landmarks/poi_51f80251/08.jpg,eval,1024,768,night,45,synthetic_cc0,2026-08-18T10:00:00+05:30
lmk_fcac517f,poi_51f80251,ayurveda_centre,media/landmarks/poi_51f80251/09.jpg,eval,1024,768,daylight,0,synthetic_cc0,2026-08-18T10:00:00+05:30
lmk_0a235c9b,poi_813f1ef8,jazz_cellar_gangtok,media/landmarks/poi_813f1ef8/00.jpg,train,1024,768,dusk,0,synthetic_cc0,2026-08-18T10:00:00+05:30
lmk_9f8c3c22,poi_813f1ef8,jazz_cellar_gangtok,media/landmarks/poi_813f1ef8/01.jpg,train,1024,768,rain,0,synthetic_cc0,2026-08-18T10:00:00+05:30
lmk_3a644017,poi_813f1ef8,jazz_cellar_gangtok,media/landmarks/poi_813f1ef8/02.jpg,train,1024,768,dusk,0,synthetic_cc0,2026-08-18T10:00:00+05:30
lmk_d54a912b,poi_813f1ef8,jazz_cellar_gangtok,media/landmarks/poi_813f1ef8/03.jpg,train,1024,768,daylight,45,synthetic_cc0,2026-08-18T10:00:00+05:30
lmk_ec847b1e,poi_813f1ef8,jazz_cellar_gangtok,media/landmarks/poi_813f1ef8/04.jpg,train,1024,768,daylight,0,synthetic_cc0,2026-08-18T10:00:00+05:30
lmk_22060b66,poi_813f1ef8,jazz_cellar_gangtok,media/landmarks/poi_813f1ef8/05.jpg,train,1024,768,dusk,5,synthetic_cc0,2026-08-18T10:00:00+05:30
lmk_452e6022,poi_813f1ef8,jazz_cellar_gangtok,media/landmarks/poi_813f1ef8/06.jpg,train,1024,768,daylight,0,synthetic_cc0,2026-08-18T10:00:00+05:30
lmk_448ef644,poi_813f1ef8,jazz_cellar_gangtok,media/landmarks/poi_813f1ef8/07.jpg,eval,1024,768,night,15,synthetic_cc0,2026-08-18T10:00:00+05:30
lmk_e337cb5d,poi_813f1ef8,jazz_cellar_gangtok,media/landmarks/poi_813f1ef8/08.jpg,eval,1024,768,rain,0,synthetic_cc0,2026-08-18T10:00:00+05:30
lmk_1cce3ab0,poi_813f1ef8,jazz_cellar_gangtok,media/landmarks/poi_813f1ef8/09.jpg,eval,1024,768,daylight,15,synthetic_cc0,2026-08-18T10:00:00+05:30
lmk_8aa0f0ce,poi_ac798552,quiet_bay,media/landmarks/poi_ac798552/00.jpg,train,1024,768,daylight,45,synthetic_cc0,2026-08-18T10:00:00+05:30
lmk_97185c66,poi_ac798552,quiet_bay,media/landmarks/poi_ac798552/01.jpg,train,1024,768,night,30,synthetic_cc0,2026-08-18T10:00:00+05:30
lmk_4e9d0b82,poi_ac798552,quiet_bay,media/landmarks/poi_ac798552/02.jpg,train,1024,768,daylight,0,synthetic_cc0,2026-08-18T10:00:00+05:30
lmk_3c263b36,poi_ac798552,quiet_bay,media/landmarks/poi_ac798552/03.jpg,train,1024,768,dusk,0,synthetic_cc0,2026-08-18T10:00:00+05:30
lmk_8f9fa043,poi_ac798552,quiet_bay,media/landmarks/poi_ac798552/04.jpg,train,1024,768,rain,0,synthetic_cc0,2026-08-18T10:00:00+05:30
lmk_231187c5,poi_ac798552,quiet_bay,media/landmarks/poi_ac798552/05.jpg,train,1024,768,crowded,15,synthetic_cc0,2026-08-18T10:00:00+05:30
lmk_3415538d,poi_ac798552,quiet_bay,media/landmarks/poi_ac798552/06.jpg,train,1024,768,crowded,45,synthetic_cc0,2026-08-18T10:00:00+05:30
lmk_c309de86,poi_ac798552,quiet_bay,media/landmarks/poi_ac798552/07.jpg,eval,1024,768,daylight,45,synthetic_cc0,2026-08-18T10:00:00+05:30
lmk_69ce0c33,poi_ac798552,quiet_bay,media/landmarks/poi_ac798552/08.jpg,eval,1024,768,dusk,0,synthetic_cc0,2026-08-18T10:00:00+05:30
lmk_c6e503e2,poi_ac798552,quiet_bay,media/landmarks/poi_ac798552/09.jpg,eval,1024,768,daylight,45,synthetic_cc0,2026-08-18T10:00:00+05:30
lmk_881aad85,poi_1fcba288,crocodile_park,media/landmarks/poi_1fcba288/00.jpg,train,1024,768,daylight,15,synthetic_cc0,2026-08-18T10:00:00+05:30
lmk_634bf1bc,poi_1fcba288,crocodile_park,media/landmarks/poi_1fcba288/01.jpg,train,1024,768,rain,45,synthetic_cc0,2026-08-18T10:00:00+05:30
lmk_9333cd18,poi_1fcba288,crocodile_park,media/landmarks/poi_1fcba288/02.jpg,train,1024,768,daylight,5,synthetic_cc0,2026-08-18T10:00:00+05:30
lmk_1ca73609,poi_1fcba288,crocodile_park,media/landmarks/poi_1fcba288/03.jpg,train,1024,768,daylight,0,synthetic_cc0,2026-08-18T10:00:00+05:30
lmk_e1263838,poi_1fcba288,crocodile_park,media/landmarks/poi_1fcba288/04.jpg,train,1024,768,rain,15,synthetic_cc0,2026-08-18T10:00:00+05:30
lmk_f358b619,poi_1fcba288,crocodile_park,media/landmarks/poi_1fcba288/05.jpg,train,1024,768,night,0,synthetic_cc0,2026-08-18T10:00:00+05:30
lmk_0ca26ff1,poi_1fcba288,crocodile_park,media/landmarks/poi_1fcba288/06.jpg,train,1024,768,rain,0,synthetic_cc0,2026-08-18T10:00:00+05:30
lmk_762cac19,poi_1fcba288,crocodile_park,media/landmarks/poi_1fcba288/07.jpg,eval,1024,768,daylight,0,synthetic_cc0,2026-08-18T10:00:00+05:30
lmk_00288227,poi_1fcba288,crocodile_park,media/landmarks/poi_1fcba288/08.jpg,eval,1024,768,rain,0,synthetic_cc0,2026-08-18T10:00:00+05:30
lmk_30646dd0,poi_1fcba288,crocodile_park,media/landmarks/poi_1fcba288/09.jpg,eval,1024,768,night,45,synthetic_cc0,2026-08-18T10:00:00+05:30
lmk_52bba22f,poi_9737e8e9,fishermen's_cove,media/landmarks/poi_9737e8e9/00.jpg,train,1024,768,daylight,45,synthetic_cc0,2026-08-18T10:00:00+05:30
lmk_ad1f9fbd,poi_9737e8e9,fishermen's_cove,media/landmarks/poi_9737e8e9/01.jpg,train,1024,768,rain,0,synthetic_cc0,2026-08-18T10:00:00+05:30
lmk_8cf61427,poi_9737e8e9,fishermen's_cove,media/landmarks/poi_9737e8e9/02.jpg,train,1024,768,crowded,45,synthetic_cc0,2026-08-18T10:00:00+05:30
lmk_249b4fca,poi_9737e8e9,fishermen's_cove,media/landmarks/poi_9737e8e9/03.jpg,train,1024,768,rain,15,synthetic_cc0,2026-08-18T10:00:00+05:30
lmk_b6c48b81,poi_9737e8e9,fishermen's_cove,media/landmarks/poi_9737e8e9/04.jpg,train,1024,768,night,15,synthetic_cc0,2026-08-18T10:00:00+05:30
lmk_07a47b12,poi_9737e8e9,fishermen's_cove,media/landmarks/poi_9737e8e9/05.jpg,train,1024,768,daylight,45,synthetic_cc0,2026-08-18T10:00:00+05:30
lmk_2b86d001,poi_9737e8e9,fishermen's_cove,media/landmarks/poi_9737e8e9/06.jpg,train,1024,768,night,15,synthetic_cc0,2026-08-18T10:00:00+05:30
lmk_09b88438,poi_9737e8e9,fishermen's_cove,media/landmarks/poi_9737e8e9/07.jpg,eval,1024,768,daylight,0,synthetic_cc0,2026-08-18T10:00:00+05:30
lmk_c87d1dd3,poi_9737e8e9,fishermen's_cove,media/landmarks/poi_9737e8e9/08.jpg,eval,1024,768,crowded,45,synthetic_cc0,2026-08-18T10:00:00+05:30
lmk_3cc5eb74,poi_9737e8e9,fishermen's_cove,media/landmarks/poi_9737e8e9/09.jpg,eval,1024,768,dusk,0,synthetic_cc0,2026-08-18T10:00:00+05:30
lmk_1b4c6a12,poi_c74c12ed,hot_springs,media/landmarks/poi_c74c12ed/00.jpg,train,1024,768,daylight,15,synthetic_cc0,2026-08-18T10:00:00+05:30
lmk_c2e2e07a,poi_c74c12ed,hot_springs,media/landmarks/poi_c74c12ed/01.jpg,train,1024,768,night,30,synthetic_cc0,2026-08-18T10:00:00+05:30
lmk_e6344efd,poi_c74c12ed,hot_springs,media/landmarks/poi_c74c12ed/02.jpg,train,1024,768,dusk,5,synthetic_cc0,2026-08-18T10:00:00+05:30
lmk_7c0fe8c3,poi_c74c12ed,hot_springs,media/landmarks/poi_c74c12ed/03.jpg,train,1024,768,night,5,synthetic_cc0,2026-08-18T10:00:00+05:30
lmk_6dc61c47,poi_c74c12ed,hot_springs,media/landmarks/poi_c74c12ed/04.jpg,train,1024,768,crowded,5,synthetic_cc0,2026-08-18T10:00:00+05:30
lmk_c802a169,poi_c74c12ed,hot_springs,media/landmarks/poi_c74c12ed/05.jpg,train,1024,768,daylight,45,synthetic_cc0,2026-08-18T10:00:00+05:30
lmk_a319ced4,poi_c74c12ed,hot_springs,media/landmarks/poi_c74c12ed/06.jpg,train,1024,768,daylight,5,synthetic_cc0,2026-08-18T10:00:00+05:30
lmk_bebfe336,poi_c74c12ed,hot_springs,media/landmarks/poi_c74c12ed/07.jpg,eval,1024,768,daylight,15,synthetic_cc0,2026-08-18T10:00:00+05:30
lmk_583f3bc5,poi_c74c12ed,hot_springs,media/landmarks/poi_c74c12ed/08.jpg,eval,1024,768,daylight,45,synthetic_cc0,2026-08-18T10:00:00+05:30
lmk_54fd3648,poi_c74c12ed,hot_springs,media/landmarks/poi_c74c12ed/09.jpg,eval,1024,768,night,45,synthetic_cc0,2026-08-18T10:00:00+05:30
lmk_0a64dcc0,poi_a8ca10a8,rock_climbing_wall,media/landmarks/poi_a8ca10a8/00.jpg,train,1024,768,crowded,0,synthetic_cc0,2026-08-18T10:00:00+05:30
lmk_fa3100b6,poi_a8ca10a8,rock_climbing_wall,media/landmarks/poi_a8ca10a8/01.jpg,train,1024,768,daylight,5,synthetic_cc0,2026-08-18T10:00:00+05:30
lmk_88fedbab,poi_a8ca10a8,rock_climbing_wall,media/landmarks/poi_a8ca10a8/02.jpg,train,1024,768,crowded,0,synthetic_cc0,2026-08-18T10:00:00+05:30
lmk_81d6b35f,poi_a8ca10a8,rock_climbing_wall,media/landmarks/poi_a8ca10a8/03.jpg,train,1024,768,night,45,synthetic_cc0,2026-08-18T10:00:00+05:30
lmk_286ba1bd,poi_a8ca10a8,rock_climbing_wall,media/landmarks/poi_a8ca10a8/04.jpg,train,1024,768,dusk,0,synthetic_cc0,2026-08-18T10:00:00+05:30
lmk_6dba441a,poi_a8ca10a8,rock_climbing_wall,media/landmarks/poi_a8ca10a8/05.jpg,train,1024,768,dusk,15,synthetic_cc0,2026-08-18T10:00:00+05:30
lmk_6eba87f7,poi_a8ca10a8,rock_climbing_wall,media/landmarks/poi_a8ca10a8/06.jpg,train,1024,768,crowded,0,synthetic_cc0,2026-08-18T10:00:00+05:30
lmk_e6f7dc20,poi_a8ca10a8,rock_climbing_wall,media/landmarks/poi_a8ca10a8/07.jpg,eval,1024,768,daylight,0,synthetic_cc0,2026-08-18T10:00:00+05:30
lmk_5ef47dae,poi_a8ca10a8,rock_climbing_wall,media/landmarks/poi_a8ca10a8/08.jpg,eval,1024,768,daylight,0,synthetic_cc0,2026-08-18T10:00:00+05:30
lmk_dc268d48,poi_a8ca10a8,rock_climbing_wall,media/landmarks/poi_a8ca10a8/09.jpg,eval,1024,768,dusk,5,synthetic_cc0,2026-08-18T10:00:00+05:30
lmk_b3417d16,poi_5d059c71,rock_garden,media/landmarks/poi_5d059c71/00.jpg,train,1024,768,daylight,15,synthetic_cc0,2026-08-18T10:00:00+05:30
lmk_cf0a821b,poi_5d059c71,rock_garden,media/landmarks/poi_5d059c71/01.jpg,train,1024,768,dusk,45,synthetic_cc0,2026-08-18T10:00:00+05:30
lmk_873c5cef,poi_5d059c71,rock_garden,media/landmarks/poi_5d059c71/02.jpg,train,1024,768,rain,0,synthetic_cc0,2026-08-18T10:00:00+05:30
lmk_03415fb1,poi_5d059c71,rock_garden,media/landmarks/poi_5d059c71/03.jpg,train,1024,768,daylight,45,synthetic_cc0,2026-08-18T10:00:00+05:30
lmk_5d180a51,poi_5d059c71,rock_garden,media/landmarks/poi_5d059c71/04.jpg,train,1024,768,daylight,30,synthetic_cc0,2026-08-18T10:00:00+05:30
lmk_0d47dff0,poi_5d059c71,rock_garden,media/landmarks/poi_5d059c71/05.jpg,train,1024,768,crowded,0,synthetic_cc0,2026-08-18T10:00:00+05:30
lmk_827cb7a9,poi_5d059c71,rock_garden,media/landmarks/poi_5d059c71/06.jpg,train,1024,768,daylight,5,synthetic_cc0,2026-08-18T10:00:00+05:30
lmk_57cd645c,poi_5d059c71,rock_garden,media/landmarks/poi_5d059c71/07.jpg,eval,1024,768,daylight,5,synthetic_cc0,2026-08-18T10:00:00+05:30
lmk_1de73cb8,poi_5d059c71,rock_garden,media/landmarks/poi_5d059c71/08.jpg,eval,1024,768,rain,0,synthetic_cc0,2026-08-18T10:00:00+05:30
lmk_e27cbf4a,poi_5d059c71,rock_garden,media/landmarks/poi_5d059c71/09.jpg,eval,1024,768,crowded,30,synthetic_cc0,2026-08-18T10:00:00+05:30
lmk_7610592f,poi_101f364b,night_food_bazaar,media/landmarks/poi_101f364b/00.jpg,train,1024,768,rain,45,synthetic_cc0,2026-08-18T10:00:00+05:30
lmk_3a4dca03,poi_101f364b,night_food_bazaar,media/landmarks/poi_101f364b/01.jpg,train,1024,768,daylight,0,synthetic_cc0,2026-08-18T10:00:00+05:30
lmk_f20fcf10,poi_101f364b,night_food_bazaar,media/landmarks/poi_101f364b/02.jpg,train,1024,768,crowded,45,synthetic_cc0,2026-08-18T10:00:00+05:30
lmk_bb88edcf,poi_101f364b,night_food_bazaar,media/landmarks/poi_101f364b/03.jpg,train,1024,768,night,45,synthetic_cc0,2026-08-18T10:00:00+05:30
lmk_5b64d7f6,poi_101f364b,night_food_bazaar,media/landmarks/poi_101f364b/04.jpg,train,1024,768,rain,0,synthetic_cc0,2026-08-18T10:00:00+05:30
lmk_8be7302b,poi_101f364b,night_food_bazaar,media/landmarks/poi_101f364b/05.jpg,train,1024,768,rain,0,synthetic_cc0,2026-08-18T10:00:00+05:30
lmk_e099eed1,poi_101f364b,night_food_bazaar,media/landmarks/poi_101f364b/06.jpg,train,1024,768,daylight,15,synthetic_cc0,2026-08-18T10:00:00+05:30
lmk_3fea0639,poi_101f364b,night_food_bazaar,media/landmarks/poi_101f364b/07.jpg,eval,1024,768,daylight,0,synthetic_cc0,2026-08-18T10:00:00+05:30
lmk_82d46f92,poi_101f364b,night_food_bazaar,media/landmarks/poi_101f364b/08.jpg,eval,1024,768,daylight,45,synthetic_cc0,2026-08-18T10:00:00+05:30
lmk_71d5baf2,poi_101f364b,night_food_bazaar,media/landmarks/poi_101f364b/09.jpg,eval,1024,768,rain,0,synthetic_cc0,2026-08-18T10:00:00+05:30
lmk_7dde9eaf,poi_cca907ed,north_beach,media/landmarks/poi_cca907ed/00.jpg,train,1024,768,dusk,30,synthetic_cc0,2026-08-18T10:00:00+05:30
lmk_2c65f9d6,poi_cca907ed,north_beach,media/landmarks/poi_cca907ed/01.jpg,train,1024,768,crowded,0,synthetic_cc0,2026-08-18T10:00:00+05:30
lmk_438ca5c3,poi_cca907ed,north_beach,media/landmarks/poi_cca907ed/02.jpg,train,1024,768,daylight,45,synthetic_cc0,2026-08-18T10:00:00+05:30
lmk_57bffa7a,poi_cca907ed,north_beach,media/landmarks/poi_cca907ed/03.jpg,train,1024,768,daylight,15,synthetic_cc0,2026-08-18T10:00:00+05:30
lmk_a3e739a8,poi_cca907ed,north_beach,media/landmarks/poi_cca907ed/04.jpg,train,1024,768,dusk,45,synthetic_cc0,2026-08-18T10:00:00+05:30
lmk_06230381,poi_cca907ed,north_beach,media/landmarks/poi_cca907ed/05.jpg,train,1024,768,crowded,0,synthetic_cc0,2026-08-18T10:00:00+05:30
lmk_de9a5ec8,poi_cca907ed,north_beach,media/landmarks/poi_cca907ed/06.jpg,train,1024,768,crowded,0,synthetic_cc0,2026-08-18T10:00:00+05:30
lmk_56eef76e,poi_cca907ed,north_beach,media/landmarks/poi_cca907ed/07.jpg,eval,1024,768,dusk,45,synthetic_cc0,2026-08-18T10:00:00+05:30
lmk_4db70320,poi_cca907ed,north_beach,media/landmarks/poi_cca907ed/08.jpg,eval,1024,768,daylight,45,synthetic_cc0,2026-08-18T10:00:00+05:30
lmk_b138308d,poi_cca907ed,north_beach,media/landmarks/poi_cca907ed/09.jpg,eval,1024,768,crowded,5,synthetic_cc0,2026-08-18T10:00:00+05:30
lmk_ebc812f2,poi_9de9c403,great_mosque_of_manali,media/landmarks/poi_9de9c403/00.jpg,train,1024,768,night,0,synthetic_cc0,2026-08-18T10:00:00+05:30
lmk_a37767bc,poi_9de9c403,great_mosque_of_manali,media/landmarks/poi_9de9c403/01.jpg,train,1024,768,daylight,0,synthetic_cc0,2026-08-18T10:00:00+05:30
lmk_d9264548,poi_9de9c403,great_mosque_of_manali,media/landmarks/poi_9de9c403/02.jpg,train,1024,768,night,0,synthetic_cc0,2026-08-18T10:00:00+05:30
lmk_070f1efe,poi_9de9c403,great_mosque_of_manali,media/landmarks/poi_9de9c403/03.jpg,train,1024,768,daylight,30,synthetic_cc0,2026-08-18T10:00:00+05:30
lmk_f7bd6df6,poi_9de9c403,great_mosque_of_manali,media/landmarks/poi_9de9c403/04.jpg,train,1024,768,night,15,synthetic_cc0,2026-08-18T10:00:00+05:30
lmk_5f2c2e78,poi_9de9c403,great_mosque_of_manali,media/landmarks/poi_9de9c403/05.jpg,train,1024,768,night,0,synthetic_cc0,2026-08-18T10:00:00+05:30
lmk_0fc7d99e,poi_9de9c403,great_mosque_of_manali,media/landmarks/poi_9de9c403/06.jpg,train,1024,768,daylight,5,synthetic_cc0,2026-08-18T10:00:00+05:30
lmk_3fd47cf2,poi_9de9c403,great_mosque_of_manali,media/landmarks/poi_9de9c403/07.jpg,eval,1024,768,night,5,synthetic_cc0,2026-08-18T10:00:00+05:30
lmk_e8ca700f,poi_9de9c403,great_mosque_of_manali,media/landmarks/poi_9de9c403/08.jpg,eval,1024,768,night,30,synthetic_cc0,2026-08-18T10:00:00+05:30
lmk_dd723703,poi_9de9c403,great_mosque_of_manali,media/landmarks/poi_9de9c403/09.jpg,eval,1024,768,rain,5,synthetic_cc0,2026-08-18T10:00:00+05:30
lmk_a9b5e54e,poi_a010c1ba,backwater_channel,media/landmarks/poi_a010c1ba/00.jpg,train,1024,768,daylight,0,synthetic_cc0,2026-08-18T10:00:00+05:30
lmk_bdd78580,poi_a010c1ba,backwater_channel,media/landmarks/poi_a010c1ba/01.jpg,train,1024,768,rain,5,synthetic_cc0,2026-08-18T10:00:00+05:30
lmk_3fad426e,poi_a010c1ba,backwater_channel,media/landmarks/poi_a010c1ba/02.jpg,train,1024,768,night,0,synthetic_cc0,2026-08-18T10:00:00+05:30
lmk_b67d1893,poi_a010c1ba,backwater_channel,media/landmarks/poi_a010c1ba/03.jpg,train,1024,768,daylight,5,synthetic_cc0,2026-08-18T10:00:00+05:30
lmk_b4d7d93a,poi_a010c1ba,backwater_channel,media/landmarks/poi_a010c1ba/04.jpg,train,1024,768,daylight,0,synthetic_cc0,2026-08-18T10:00:00+05:30
lmk_13ac5219,poi_a010c1ba,backwater_channel,media/landmarks/poi_a010c1ba/05.jpg,train,1024,768,night,0,synthetic_cc0,2026-08-18T10:00:00+05:30
lmk_4131729d,poi_a010c1ba,backwater_channel,media/landmarks/poi_a010c1ba/06.jpg,train,1024,768,rain,0,synthetic_cc0,2026-08-18T10:00:00+05:30
lmk_0781b2c6,poi_a010c1ba,backwater_channel,media/landmarks/poi_a010c1ba/07.jpg,eval,1024,768,dusk,5,synthetic_cc0,2026-08-18T10:00:00+05:30
lmk_576e6e0b,poi_a010c1ba,backwater_channel,media/landmarks/poi_a010c1ba/08.jpg,eval,1024,768,dusk,15,synthetic_cc0,2026-08-18T10:00:00+05:30
lmk_4844ba22,poi_a010c1ba,backwater_channel,media/landmarks/poi_a010c1ba/09.jpg,eval,1024,768,crowded,45,synthetic_cc0,2026-08-18T10:00:00+05:30
lmk_0d5e2217,poi_1cdce06b,shimla_viewpoint,media/landmarks/poi_1cdce06b/00.jpg,train,1024,768,rain,30,synthetic_cc0,2026-08-18T10:00:00+05:30
lmk_7365c0d6,poi_1cdce06b,shimla_viewpoint,media/landmarks/poi_1cdce06b/01.jpg,train,1024,768,crowded,45,synthetic_cc0,2026-08-18T10:00:00+05:30
lmk_a1774f29,poi_1cdce06b,shimla_viewpoint,media/landmarks/poi_1cdce06b/02.jpg,train,1024,768,daylight,5,synthetic_cc0,2026-08-18T10:00:00+05:30
lmk_16f88d8b,poi_1cdce06b,shimla_viewpoint,media/landmarks/poi_1cdce06b/03.jpg,train,1024,768,daylight,45,synthetic_cc0,2026-08-18T10:00:00+05:30
lmk_89eae535,poi_1cdce06b,shimla_viewpoint,media/landmarks/poi_1cdce06b/04.jpg,train,1024,768,rain,30,synthetic_cc0,2026-08-18T10:00:00+05:30
lmk_f8765d76,poi_1cdce06b,shimla_viewpoint,media/landmarks/poi_1cdce06b/05.jpg,train,1024,768,crowded,15,synthetic_cc0,2026-08-18T10:00:00+05:30
lmk_4f8f60f5,poi_1cdce06b,shimla_viewpoint,media/landmarks/poi_1cdce06b/06.jpg,train,1024,768,crowded,0,synthetic_cc0,2026-08-18T10:00:00+05:30
lmk_6ff31832,poi_1cdce06b,shimla_viewpoint,media/landmarks/poi_1cdce06b/07.jpg,eval,1024,768,daylight,0,synthetic_cc0,2026-08-18T10:00:00+05:30
lmk_6361e4d7,poi_1cdce06b,shimla_viewpoint,media/landmarks/poi_1cdce06b/08.jpg,eval,1024,768,night,45,synthetic_cc0,2026-08-18T10:00:00+05:30
lmk_13204198,poi_1cdce06b,shimla_viewpoint,media/landmarks/poi_1cdce06b/09.jpg,eval,1024,768,daylight,0,synthetic_cc0,2026-08-18T10:00:00+05:30
lmk_f8aef60f,poi_ebc96348,zipline_point,media/landmarks/poi_ebc96348/00.jpg,train,1024,768,night,5,synthetic_cc0,2026-08-18T10:00:00+05:30
lmk_5a6fdb46,poi_ebc96348,zipline_point,media/landmarks/poi_ebc96348/01.jpg,train,1024,768,night,45,synthetic_cc0,2026-08-18T10:00:00+05:30
lmk_a33bd479,poi_ebc96348,zipline_point,media/landmarks/poi_ebc96348/02.jpg,train,1024,768,crowded,15,synthetic_cc0,2026-08-18T10:00:00+05:30
lmk_5c34ce8e,poi_ebc96348,zipline_point,media/landmarks/poi_ebc96348/03.jpg,train,1024,768,rain,0,synthetic_cc0,2026-08-18T10:00:00+05:30
lmk_d0bf230e,poi_ebc96348,zipline_point,media/landmarks/poi_ebc96348/04.jpg,train,1024,768,dusk,45,synthetic_cc0,2026-08-18T10:00:00+05:30
lmk_8400b6d6,poi_ebc96348,zipline_point,media/landmarks/poi_ebc96348/05.jpg,train,1024,768,daylight,5,synthetic_cc0,2026-08-18T10:00:00+05:30
lmk_0c95daa5,poi_ebc96348,zipline_point,media/landmarks/poi_ebc96348/06.jpg,train,1024,768,rain,0,synthetic_cc0,2026-08-18T10:00:00+05:30
lmk_89550c4b,poi_ebc96348,zipline_point,media/landmarks/poi_ebc96348/07.jpg,eval,1024,768,crowded,0,synthetic_cc0,2026-08-18T10:00:00+05:30
lmk_a95d89c2,poi_ebc96348,zipline_point,media/landmarks/poi_ebc96348/08.jpg,eval,1024,768,dusk,30,synthetic_cc0,2026-08-18T10:00:00+05:30
lmk_11263df7,poi_ebc96348,zipline_point,media/landmarks/poi_ebc96348/09.jpg,eval,1024,768,daylight,30,synthetic_cc0,2026-08-18T10:00:00+05:30
lmk_ce094558,poi_d4ce5bf9,ayurveda_centre,media/landmarks/poi_d4ce5bf9/00.jpg,train,1024,768,night,45,synthetic_cc0,2026-08-18T10:00:00+05:30
lmk_3e08d9b8,poi_d4ce5bf9,ayurveda_centre,media/landmarks/poi_d4ce5bf9/01.jpg,train,1024,768,crowded,45,synthetic_cc0,2026-08-18T10:00:00+05:30
lmk_2bb721a3,poi_d4ce5bf9,ayurveda_centre,media/landmarks/poi_d4ce5bf9/02.jpg,train,1024,768,crowded,45,synthetic_cc0,2026-08-18T10:00:00+05:30
lmk_fd695cb5,poi_d4ce5bf9,ayurveda_centre,media/landmarks/poi_d4ce5bf9/03.jpg,train,1024,768,dusk,0,synthetic_cc0,2026-08-18T10:00:00+05:30
lmk_120a8896,poi_d4ce5bf9,ayurveda_centre,media/landmarks/poi_d4ce5bf9/04.jpg,train,1024,768,dusk,0,synthetic_cc0,2026-08-18T10:00:00+05:30
lmk_c1fec561,poi_d4ce5bf9,ayurveda_centre,media/landmarks/poi_d4ce5bf9/05.jpg,train,1024,768,crowded,5,synthetic_cc0,2026-08-18T10:00:00+05:30
lmk_bb3a078e,poi_d4ce5bf9,ayurveda_centre,media/landmarks/poi_d4ce5bf9/06.jpg,train,1024,768,dusk,45,synthetic_cc0,2026-08-18T10:00:00+05:30
lmk_9ba8aa41,poi_d4ce5bf9,ayurveda_centre,media/landmarks/poi_d4ce5bf9/07.jpg,eval,1024,768,crowded,30,synthetic_cc0,2026-08-18T10:00:00+05:30
lmk_d1cc72f5,poi_d4ce5bf9,ayurveda_centre,media/landmarks/poi_d4ce5bf9/08.jpg,eval,1024,768,crowded,15,synthetic_cc0,2026-08-18T10:00:00+05:30
lmk_bce4d13f,poi_d4ce5bf9,ayurveda_centre,media/landmarks/poi_d4ce5bf9/09.jpg,eval,1024,768,night,5,synthetic_cc0,2026-08-18T10:00:00+05:30
lmk_88484503,poi_ab48d16e,quiet_bay,media/landmarks/poi_ab48d16e/00.jpg,train,1024,768,rain,30,synthetic_cc0,2026-08-18T10:00:00+05:30
lmk_995a9c60,poi_ab48d16e,quiet_bay,media/landmarks/poi_ab48d16e/01.jpg,train,1024,768,night,0,synthetic_cc0,2026-08-18T10:00:00+05:30
lmk_a479a05f,poi_ab48d16e,quiet_bay,media/landmarks/poi_ab48d16e/02.jpg,train,1024,768,daylight,30,synthetic_cc0,2026-08-18T10:00:00+05:30
lmk_31d70c64,poi_ab48d16e,quiet_bay,media/landmarks/poi_ab48d16e/03.jpg,train,1024,768,crowded,45,synthetic_cc0,2026-08-18T10:00:00+05:30
lmk_5f4fcf31,poi_ab48d16e,quiet_bay,media/landmarks/poi_ab48d16e/04.jpg,train,1024,768,dusk,30,synthetic_cc0,2026-08-18T10:00:00+05:30
lmk_4c36d14c,poi_ab48d16e,quiet_bay,media/landmarks/poi_ab48d16e/05.jpg,train,1024,768,daylight,30,synthetic_cc0,2026-08-18T10:00:00+05:30
lmk_19f8517c,poi_ab48d16e,quiet_bay,media/landmarks/poi_ab48d16e/06.jpg,train,1024,768,dusk,5,synthetic_cc0,2026-08-18T10:00:00+05:30
lmk_c6f80620,poi_ab48d16e,quiet_bay,media/landmarks/poi_ab48d16e/07.jpg,eval,1024,768,daylight,5,synthetic_cc0,2026-08-18T10:00:00+05:30
lmk_45566e45,poi_ab48d16e,quiet_bay,media/landmarks/poi_ab48d16e/08.jpg,eval,1024,768,rain,0,synthetic_cc0,2026-08-18T10:00:00+05:30
lmk_b40ec3ca,poi_ab48d16e,quiet_bay,media/landmarks/poi_ab48d16e/09.jpg,eval,1024,768,night,45,synthetic_cc0,2026-08-18T10:00:00+05:30
lmk_02acbb99,poi_4392116d,rock_climbing_wall,media/landmarks/poi_4392116d/00.jpg,train,1024,768,crowded,0,synthetic_cc0,2026-08-18T10:00:00+05:30
lmk_ba2d6580,poi_4392116d,rock_climbing_wall,media/landmarks/poi_4392116d/01.jpg,train,1024,768,rain,0,synthetic_cc0,2026-08-18T10:00:00+05:30
lmk_bc168f56,poi_4392116d,rock_climbing_wall,media/landmarks/poi_4392116d/02.jpg,train,1024,768,daylight,45,synthetic_cc0,2026-08-18T10:00:00+05:30
lmk_c696b4bd,poi_4392116d,rock_climbing_wall,media/landmarks/poi_4392116d/03.jpg,train,1024,768,rain,0,synthetic_cc0,2026-08-18T10:00:00+05:30
lmk_13752d3f,poi_4392116d,rock_climbing_wall,media/landmarks/poi_4392116d/04.jpg,train,1024,768,rain,45,synthetic_cc0,2026-08-18T10:00:00+05:30
lmk_bddbe9a2,poi_4392116d,rock_climbing_wall,media/landmarks/poi_4392116d/05.jpg,train,1024,768,daylight,30,synthetic_cc0,2026-08-18T10:00:00+05:30
lmk_d46bbb68,poi_4392116d,rock_climbing_wall,media/landmarks/poi_4392116d/06.jpg,train,1024,768,daylight,15,synthetic_cc0,2026-08-18T10:00:00+05:30
lmk_9fe0e86b,poi_4392116d,rock_climbing_wall,media/landmarks/poi_4392116d/07.jpg,eval,1024,768,dusk,5,synthetic_cc0,2026-08-18T10:00:00+05:30
lmk_18fd16da,poi_4392116d,rock_climbing_wall,media/landmarks/poi_4392116d/08.jpg,eval,1024,768,daylight,0,synthetic_cc0,2026-08-18T10:00:00+05:30
lmk_748505af,poi_4392116d,rock_climbing_wall,media/landmarks/poi_4392116d/09.jpg,eval,1024,768,daylight,0,synthetic_cc0,2026-08-18T10:00:00+05:30
lmk_20395914,poi_b919a3c1,cycling_loop,media/landmarks/poi_b919a3c1/00.jpg,train,1024,768,rain,30,synthetic_cc0,2026-08-18T10:00:00+05:30
lmk_9ebd5e03,poi_b919a3c1,cycling_loop,media/landmarks/poi_b919a3c1/01.jpg,train,1024,768,daylight,45,synthetic_cc0,2026-08-18T10:00:00+05:30
lmk_4de6d327,poi_b919a3c1,cycling_loop,media/landmarks/poi_b919a3c1/02.jpg,train,1024,768,daylight,0,synthetic_cc0,2026-08-18T10:00:00+05:30
lmk_23a12492,poi_b919a3c1,cycling_loop,media/landmarks/poi_b919a3c1/03.jpg,train,1024,768,daylight,0,synthetic_cc0,2026-08-18T10:00:00+05:30
lmk_f3b8a064,poi_b919a3c1,cycling_loop,media/landmarks/poi_b919a3c1/04.jpg,train,1024,768,daylight,45,synthetic_cc0,2026-08-18T10:00:00+05:30
lmk_b77bae64,poi_b919a3c1,cycling_loop,media/landmarks/poi_b919a3c1/05.jpg,train,1024,768,crowded,45,synthetic_cc0,2026-08-18T10:00:00+05:30
lmk_e307f1ac,poi_b919a3c1,cycling_loop,media/landmarks/poi_b919a3c1/06.jpg,train,1024,768,rain,5,synthetic_cc0,2026-08-18T10:00:00+05:30
lmk_9671f87f,poi_b919a3c1,cycling_loop,media/landmarks/poi_b919a3c1/07.jpg,eval,1024,768,dusk,0,synthetic_cc0,2026-08-18T10:00:00+05:30
lmk_dd35e88e,poi_b919a3c1,cycling_loop,media/landmarks/poi_b919a3c1/08.jpg,eval,1024,768,daylight,15,synthetic_cc0,2026-08-18T10:00:00+05:30
lmk_91a817da,poi_b919a3c1,cycling_loop,media/landmarks/poi_b919a3c1/09.jpg,eval,1024,768,daylight,0,synthetic_cc0,2026-08-18T10:00:00+05:30
